term,estimate,std_error,p_value,outcome,n,clusters,converged,cohort,analysis,adjustment_set,exposure,state_definition,standardization,persistent,covariates_used,estimand,death_handling,mortality_available,paired_intervals
cmm4_start,-0.08748089565995046,0.030596720119881723,0.004247654740776016,any_cognitive,26395,12585,True,charls,transition_gee,mental_health,cmm4_start,reference_locked_0.20,fixed,False,"depression,psychiatric",survivor_conditional_domain_transition,observed_living_endpoint_survivor_conditional_model,True,
cmm4_start,0.2840588966269005,0.025087654802308783,1.013533169676104e-29,any_functional,26395,12585,True,charls,transition_gee,mental_health,cmm4_start,reference_locked_0.20,fixed,False,"depression,psychiatric",survivor_conditional_domain_transition,observed_living_endpoint_survivor_conditional_model,True,
cmm4_start,-0.16386257067223142,0.033971398320915135,1.4102888575963235e-06,cognitive_only,26395,12585,True,charls,transition_gee,mental_health,cmm4_start,reference_locked_0.20,fixed,False,"depression,psychiatric",survivor_conditional_domain_transition,observed_living_endpoint_survivor_conditional_model,True,
cmm4_start,0.2889095197303161,0.02638146538995599,6.555069925996911e-28,functional_only,26395,12585,True,charls,transition_gee,mental_health,cmm4_start,reference_locked_0.20,fixed,False,"depression,psychiatric",survivor_conditional_domain_transition,observed_living_endpoint_survivor_conditional_model,True,
cmm4_start,0.17705966209440216,0.05867365472123116,0.002546984147376102,joint,26395,12585,True,charls,transition_gee,mental_health,cmm4_start,reference_locked_0.20,fixed,False,"depression,psychiatric",survivor_conditional_domain_transition,observed_living_endpoint_survivor_conditional_model,True,
cmm4_start,0.011158738457304558,0.025794643110684516,0.6653060697977928,any_cognitive,37709,10946,True,elsa,transition_gee,mental_health,cmm4_start,reference_locked_0.20,fixed,False,"depression,psychiatric",survivor_conditional_domain_transition,observed_living_endpoint_survivor_conditional_model,False,
cmm4_start,0.32044043734361866,0.02565820193261842,8.592808088581911e-36,any_functional,37709,10946,True,elsa,transition_gee,mental_health,cmm4_start,reference_locked_0.20,fixed,False,"depression,psychiatric",survivor_conditional_domain_transition,observed_living_endpoint_survivor_conditional_model,False,
cmm4_start,-0.02501238395070386,0.02813004806971391,0.37391193121254485,cognitive_only,37709,10946,True,elsa,transition_gee,mental_health,cmm4_start,reference_locked_0.20,fixed,False,"depression,psychiatric",survivor_conditional_domain_transition,observed_living_endpoint_survivor_conditional_model,False,
cmm4_start,0.33692011562087304,0.0272810911674782,4.874162806009304e-35,functional_only,37709,10946,True,elsa,transition_gee,mental_health,cmm4_start,reference_locked_0.20,fixed,False,"depression,psychiatric",survivor_conditional_domain_transition,observed_living_endpoint_survivor_conditional_model,False,
cmm4_start,0.15026380328710728,0.05283287996454299,0.0044532280576208465,joint,37709,10946,True,elsa,transition_gee,mental_health,cmm4_start,reference_locked_0.20,fixed,False,"depression,psychiatric",survivor_conditional_domain_transition,observed_living_endpoint_survivor_conditional_model,False,
cmm4_start,0.06631235278916059,0.014362221248156441,3.890691688051898e-06,any_cognitive,97727,24126,True,hrs,transition_gee,mental_health,cmm4_start,reference_locked_0.20,fixed,False,"depression,psychiatric",survivor_conditional_domain_transition,observed_living_endpoint_survivor_conditional_model,True,
cmm4_start,0.2924414407234402,0.01435416972319085,2.8871226288548518e-92,any_functional,97727,24126,True,hrs,transition_gee,mental_health,cmm4_start,reference_locked_0.20,fixed,False,"depression,psychiatric",survivor_conditional_domain_transition,observed_living_endpoint_survivor_conditional_model,True,
cmm4_start,0.007797748542252322,0.015342325917437498,0.6112775092329807,cognitive_only,97727,24126,True,hrs,transition_gee,mental_health,cmm4_start,reference_locked_0.20,fixed,False,"depression,psychiatric",survivor_conditional_domain_transition,observed_living_endpoint_survivor_conditional_model,True,
cmm4_start,0.2784687787391564,0.015303456132442167,5.504914690921177e-74,functional_only,97727,24126,True,hrs,transition_gee,mental_health,cmm4_start,reference_locked_0.20,fixed,False,"depression,psychiatric",survivor_conditional_domain_transition,observed_living_endpoint_survivor_conditional_model,True,
cmm4_start,0.28318433265705806,0.030691002777157615,2.784488263590205e-20,joint,97727,24126,True,hrs,transition_gee,mental_health,cmm4_start,reference_locked_0.20,fixed,False,"depression,psychiatric",survivor_conditional_domain_transition,observed_living_endpoint_survivor_conditional_model,True,
cmm4_start,0.03046168382338129,0.032359030351347864,0.34651744404866647,any_cognitive,19829,7021,True,klosa,transition_gee,mental_health,cmm4_start,reference_locked_0.20,fixed,False,"depression,psychiatric",survivor_conditional_domain_transition,observed_living_endpoint_survivor_conditional_model,True,
cmm4_start,0.22489029294278712,0.04544478471646735,7.473033339504803e-07,any_functional,19829,7021,True,klosa,transition_gee,mental_health,cmm4_start,reference_locked_0.20,fixed,False,"depression,psychiatric",survivor_conditional_domain_transition,observed_living_endpoint_survivor_conditional_model,True,
cmm4_start,0.017237352298089842,0.03437095933140167,0.6160128051167342,cognitive_only,19829,7021,True,klosa,transition_gee,mental_health,cmm4_start,reference_locked_0.20,fixed,False,"depression,psychiatric",survivor_conditional_domain_transition,observed_living_endpoint_survivor_conditional_model,True,
cmm4_start,0.27815077181132825,0.05386446181891334,2.4185508070406555e-07,functional_only,19829,7021,True,klosa,transition_gee,mental_health,cmm4_start,reference_locked_0.20,fixed,False,"depression,psychiatric",survivor_conditional_domain_transition,observed_living_endpoint_survivor_conditional_model,True,
cmm4_start,0.10769716025493467,0.07824150985051315,0.16867589546551787,joint,19829,7021,True,klosa,transition_gee,mental_health,cmm4_start,reference_locked_0.20,fixed,False,"depression,psychiatric",survivor_conditional_domain_transition,observed_living_endpoint_survivor_conditional_model,True,
cmm4_start,-0.043246777541015316,0.03833926133119448,0.2593189193874681,any_cognitive,13729,9085,True,mhas,transition_gee,mental_health,cmm4_start,reference_locked_0.20,fixed,False,depression,survivor_conditional_domain_transition,observed_living_endpoint_survivor_conditional_model,True,
cmm4_start,0.35288097878255736,0.033694651272427746,1.1505341103672162e-25,any_functional,13729,9085,True,mhas,transition_gee,mental_health,cmm4_start,reference_locked_0.20,fixed,False,depression,survivor_conditional_domain_transition,observed_living_endpoint_survivor_conditional_model,True,
cmm4_start,-0.12442723043634685,0.042689537830513796,0.003560296801246618,cognitive_only,13729,9085,True,mhas,transition_gee,mental_health,cmm4_start,reference_locked_0.20,fixed,False,depression,survivor_conditional_domain_transition,observed_living_endpoint_survivor_conditional_model,True,
cmm4_start,0.37482093886895274,0.036850533858021034,2.660998186406298e-24,functional_only,13729,9085,True,mhas,transition_gee,mental_health,cmm4_start,reference_locked_0.20,fixed,False,depression,survivor_conditional_domain_transition,observed_living_endpoint_survivor_conditional_model,True,
cmm4_start,0.2584927733166791,0.06865316689913532,0.0001664170914515784,joint,13729,9085,True,mhas,transition_gee,mental_health,cmm4_start,reference_locked_0.20,fixed,False,depression,survivor_conditional_domain_transition,observed_living_endpoint_survivor_conditional_model,True,
cmm4_start,0.05294847645048636,0.017853489957816743,0.0030197394760956,any_cognitive,72627,44065,True,share,transition_gee,mental_health,cmm4_start,reference_locked_0.20,fixed,False,"depression,psychiatric",survivor_conditional_domain_transition,observed_living_endpoint_survivor_conditional_model,True,
cmm4_start,0.28767776748823093,0.01632527763426445,1.6813385324865e-69,any_functional,72627,44065,True,share,transition_gee,mental_health,cmm4_start,reference_locked_0.20,fixed,False,"depression,psychiatric",survivor_conditional_domain_transition,observed_living_endpoint_survivor_conditional_model,True,
cmm4_start,0.001410455569193906,0.01983975789253663,0.9433242342310613,cognitive_only,72627,44065,True,share,transition_gee,mental_health,cmm4_start,reference_locked_0.20,fixed,False,"depression,psychiatric",survivor_conditional_domain_transition,observed_living_endpoint_survivor_conditional_model,True,
cmm4_start,0.2898442708167647,0.017737322386860255,5.048046256268793e-60,functional_only,72627,44065,True,share,transition_gee,mental_health,cmm4_start,reference_locked_0.20,fixed,False,"depression,psychiatric",survivor_conditional_domain_transition,observed_living_endpoint_survivor_conditional_model,True,
cmm4_start,0.22207130359820487,0.03481802848384176,1.793510104564283e-10,joint,72627,44065,True,share,transition_gee,mental_health,cmm4_start,reference_locked_0.20,fixed,False,"depression,psychiatric",survivor_conditional_domain_transition,observed_living_endpoint_survivor_conditional_model,True,
cmm4_start,-0.0874808956599505,0.03059672011988189,0.004247654740776209,any_domain,52790,12585,True,charls,binary_domain_interaction,mental_health,cmm4_start,reference_locked_0.20,fixed,False,"depression,psychiatric",survivor_conditional_paired_domain_contrast,observed_living_endpoint_survivor_conditional_model,True,
"C(domain, Treatment(reference='cognitive'))[T.functional]:cmm4_start",0.37153979228685086,0.037823221711600234,8.958181311250101e-23,any_domain,52790,12585,True,charls,binary_domain_interaction,mental_health,cmm4_start,reference_locked_0.20,fixed,False,"depression,psychiatric",survivor_conditional_paired_domain_contrast,observed_living_endpoint_survivor_conditional_model,True,
cmm4_start,0.011158738457304519,0.025794643110683795,0.6653060697977851,any_domain,75418,10946,True,elsa,binary_domain_interaction,mental_health,cmm4_start,reference_locked_0.20,fixed,False,"depression,psychiatric",survivor_conditional_paired_domain_contrast,observed_living_endpoint_survivor_conditional_model,False,
"C(domain, Treatment(reference='cognitive'))[T.functional]:cmm4_start",0.3092816988863143,0.0356128211497061,3.8020964108473125e-18,any_domain,75418,10946,True,elsa,binary_domain_interaction,mental_health,cmm4_start,reference_locked_0.20,fixed,False,"depression,psychiatric",survivor_conditional_paired_domain_contrast,observed_living_endpoint_survivor_conditional_model,False,
cmm4_start,0.06631235278916135,0.014362171473099724,3.890391804779901e-06,any_domain,195454,24126,True,hrs,binary_domain_interaction,mental_health,cmm4_start,reference_locked_0.20,fixed,False,"depression,psychiatric",survivor_conditional_paired_domain_contrast,observed_living_endpoint_survivor_conditional_model,True,
"C(domain, Treatment(reference='cognitive'))[T.functional]:cmm4_start",0.22612908793427897,0.01936704621558694,1.691216186206867e-31,any_domain,195454,24126,True,hrs,binary_domain_interaction,mental_health,cmm4_start,reference_locked_0.20,fixed,False,"depression,psychiatric",survivor_conditional_paired_domain_contrast,observed_living_endpoint_survivor_conditional_model,True,
cmm4_start,0.030461683823378334,0.03235894216389653,0.3465161297891348,any_domain,39658,7021,True,klosa,binary_domain_interaction,mental_health,cmm4_start,reference_locked_0.20,fixed,False,"depression,psychiatric",survivor_conditional_paired_domain_contrast,observed_living_endpoint_survivor_conditional_model,True,
"C(domain, Treatment(reference='cognitive'))[T.functional]:cmm4_start",0.19442860911940837,0.05316110490905947,0.00025483925282362345,any_domain,39658,7021,True,klosa,binary_domain_interaction,mental_health,cmm4_start,reference_locked_0.20,fixed,False,"depression,psychiatric",survivor_conditional_paired_domain_contrast,observed_living_endpoint_survivor_conditional_model,True,
cmm4_start,-0.043246777541015476,0.03833894868621118,0.2593150346359093,any_domain,27458,9085,True,mhas,binary_domain_interaction,mental_health,cmm4_start,reference_locked_0.20,fixed,False,depression,survivor_conditional_paired_domain_contrast,observed_living_endpoint_survivor_conditional_model,True,
"C(domain, Treatment(reference='cognitive'))[T.functional]:cmm4_start",0.3961277563235728,0.04906687056226556,6.846675723432965e-16,any_domain,27458,9085,True,mhas,binary_domain_interaction,mental_health,cmm4_start,reference_locked_0.20,fixed,False,depression,survivor_conditional_paired_domain_contrast,observed_living_endpoint_survivor_conditional_model,True,
cmm4_start,0.05294847645048776,0.01785360412678282,0.0030199256786096512,any_domain,145254,44065,True,share,binary_domain_interaction,mental_health,cmm4_start,reference_locked_0.20,fixed,False,"depression,psychiatric",survivor_conditional_paired_domain_contrast,observed_living_endpoint_survivor_conditional_model,True,
"C(domain, Treatment(reference='cognitive'))[T.functional]:cmm4_start",0.2347292910377475,0.023241518068201506,5.5486099595118034e-24,any_domain,145254,44065,True,share,binary_domain_interaction,mental_health,cmm4_start,reference_locked_0.20,fixed,False,"depression,psychiatric",survivor_conditional_paired_domain_contrast,observed_living_endpoint_survivor_conditional_model,True,
diabetes_stroke_change_raw,0.04849861000726804,0.01822497188392994,0.007788407853714131,cognitive_worsening_fixed_raw,36255,15547,True,charls,diabetes_stroke_continuous_gee,mental_health,diabetes_stroke_change_raw,continuous,fixed,False,"depression,psychiatric",observed_interval_change,not_applicable_to_observed_interval_change,,
diabetes_stroke_change_raw,0.333381089926884,0.022367246732123112,3.06370426175341e-50,functional_worsening_fixed_raw,55609,20668,True,charls,diabetes_stroke_continuous_gee,mental_health,diabetes_stroke_change_raw,continuous,fixed,False,"depression,psychiatric",observed_interval_change,not_applicable_to_observed_interval_change,,
diabetes_stroke_change_raw,0.1334754665520841,0.02444685257771229,4.766118520303619e-08,cognitive_worsening_fixed_raw,58137,13124,True,elsa,diabetes_stroke_continuous_gee,mental_health,diabetes_stroke_change_raw,continuous,fixed,False,"depression,psychiatric",observed_interval_change,not_applicable_to_observed_interval_change,,
diabetes_stroke_change_raw,0.31891584119361394,0.033726471601116616,3.2010077959333596e-21,functional_worsening_fixed_raw,59742,13356,True,elsa,diabetes_stroke_continuous_gee,mental_health,diabetes_stroke_change_raw,continuous,fixed,False,"depression,psychiatric",observed_interval_change,not_applicable_to_observed_interval_change,,
diabetes_stroke_change_raw,0.0794517388750962,0.009229072195200194,7.37942979841528e-18,cognitive_worsening_fixed_raw,154575,30667,True,hrs,diabetes_stroke_continuous_gee,mental_health,diabetes_stroke_change_raw,continuous,fixed,False,"depression,psychiatric",observed_interval_change,not_applicable_to_observed_interval_change,,
diabetes_stroke_change_raw,0.2618518464614599,0.013879750417175962,2.1817037336994515e-79,functional_worsening_fixed_raw,141450,29907,True,hrs,diabetes_stroke_continuous_gee,mental_health,diabetes_stroke_change_raw,continuous,fixed,False,"depression,psychiatric",observed_interval_change,not_applicable_to_observed_interval_change,,
diabetes_stroke_change_raw,0.16927769202099452,0.030807050224823374,3.912173141638273e-08,cognitive_worsening_fixed_raw,25996,8144,True,klosa,diabetes_stroke_continuous_gee,mental_health,diabetes_stroke_change_raw,continuous,fixed,False,"depression,psychiatric",observed_interval_change,not_applicable_to_observed_interval_change,,
diabetes_stroke_change_raw,0.3841378421205421,0.05017505348121429,1.918841685613144e-14,functional_worsening_fixed_raw,28163,8448,True,klosa,diabetes_stroke_continuous_gee,mental_health,diabetes_stroke_change_raw,continuous,fixed,False,"depression,psychiatric",observed_interval_change,not_applicable_to_observed_interval_change,,
diabetes_stroke_change_raw,0.07243982367340036,0.019636288860809953,0.00022506720432753356,cognitive_worsening_fixed_raw,22635,13110,True,mhas,diabetes_stroke_continuous_gee,mental_health,diabetes_stroke_change_raw,continuous,fixed,False,depression,observed_interval_change,not_applicable_to_observed_interval_change,,
diabetes_stroke_change_raw,0.16505905984699162,0.03682247801741297,7.3752025580042965e-06,functional_worsening_fixed_raw,20088,11976,True,mhas,diabetes_stroke_continuous_gee,mental_health,diabetes_stroke_change_raw,continuous,fixed,False,depression,observed_interval_change,not_applicable_to_observed_interval_change,,
diabetes_stroke_change_raw,0.12307288054842408,0.012194000627139767,5.938600983246193e-24,cognitive_worsening_fixed_raw,96805,54833,True,share,diabetes_stroke_continuous_gee,mental_health,diabetes_stroke_change_raw,continuous,fixed,False,"depression,psychiatric",observed_interval_change,not_applicable_to_observed_interval_change,,
diabetes_stroke_change_raw,0.3303095737978465,0.019199619613523445,2.479699794697647e-66,functional_worsening_fixed_raw,107329,60145,True,share,diabetes_stroke_continuous_gee,mental_health,diabetes_stroke_change_raw,continuous,fixed,False,"depression,psychiatric",observed_interval_change,not_applicable_to_observed_interval_change,,
diabetes_stroke_change_raw[cognitive],0.03722286984104219,0.018326566578875766,0.04224606642622913,stacked_worsening,35240,15197,True,charls,diabetes_stroke_continuous_domain_interaction,mental_health,diabetes_stroke_change_raw,continuous,fixed,False,"depression,psychiatric",paired_observed_interval_domain_contrast,not_applicable_to_observed_interval_change,,35240.0
diabetes_stroke_change_raw[functional],0.16762772707739246,0.021409382520156506,4.892744743298823e-15,stacked_worsening,35240,15197,True,charls,diabetes_stroke_continuous_domain_interaction,mental_health,diabetes_stroke_change_raw,continuous,fixed,False,"depression,psychiatric",paired_observed_interval_domain_contrast,not_applicable_to_observed_interval_change,,35240.0
diabetes_stroke_change_raw[functional-minus-cognitive],0.13040485723635026,0.02561487824914814,3.562158154617301e-07,stacked_worsening,35240,15197,True,charls,diabetes_stroke_continuous_domain_interaction,mental_health,diabetes_stroke_change_raw,continuous,fixed,False,"depression,psychiatric",paired_observed_interval_domain_contrast,not_applicable_to_observed_interval_change,,35240.0
diabetes_stroke_change_raw[cognitive],0.12247777107278161,0.024326619812833322,4.785424827214307e-07,stacked_worsening,58129,13123,True,elsa,diabetes_stroke_continuous_domain_interaction,mental_health,diabetes_stroke_change_raw,continuous,fixed,False,"depression,psychiatric",paired_observed_interval_domain_contrast,not_applicable_to_observed_interval_change,,58129.0
diabetes_stroke_change_raw[functional],0.19296922413523182,0.02684013306148077,6.499199014375213e-13,stacked_worsening,58129,13123,True,elsa,diabetes_stroke_continuous_domain_interaction,mental_health,diabetes_stroke_change_raw,continuous,fixed,False,"depression,psychiatric",paired_observed_interval_domain_contrast,not_applicable_to_observed_interval_change,,58129.0
diabetes_stroke_change_raw[functional-minus-cognitive],0.07049145306245022,0.032293001495775894,0.029045318975480485,stacked_worsening,58129,13123,True,elsa,diabetes_stroke_continuous_domain_interaction,mental_health,diabetes_stroke_change_raw,continuous,fixed,False,"depression,psychiatric",paired_observed_interval_domain_contrast,not_applicable_to_observed_interval_change,,58129.0
diabetes_stroke_change_raw[cognitive],0.07147515893130468,0.009820530957955256,3.384642876993244e-13,stacked_worsening,138775,29302,True,hrs,diabetes_stroke_continuous_domain_interaction,mental_health,diabetes_stroke_change_raw,continuous,fixed,False,"depression,psychiatric",paired_observed_interval_domain_contrast,not_applicable_to_observed_interval_change,,138775.0
diabetes_stroke_change_raw[functional],0.1398750589386311,0.010915192039051192,1.356384059503668e-37,stacked_worsening,138775,29302,True,hrs,diabetes_stroke_continuous_domain_interaction,mental_health,diabetes_stroke_change_raw,continuous,fixed,False,"depression,psychiatric",paired_observed_interval_domain_contrast,not_applicable_to_observed_interval_change,,138775.0
diabetes_stroke_change_raw[functional-minus-cognitive],0.06839990000732642,0.013505519531607139,4.092832928785971e-07,stacked_worsening,138775,29302,True,hrs,diabetes_stroke_continuous_domain_interaction,mental_health,diabetes_stroke_change_raw,continuous,fixed,False,"depression,psychiatric",paired_observed_interval_domain_contrast,not_applicable_to_observed_interval_change,,138775.0
diabetes_stroke_change_raw[cognitive],0.16534374348001687,0.030733328542086477,7.450689837423101e-08,stacked_worsening,25994,8144,True,klosa,diabetes_stroke_continuous_domain_interaction,mental_health,diabetes_stroke_change_raw,continuous,fixed,False,"depression,psychiatric",paired_observed_interval_domain_contrast,not_applicable_to_observed_interval_change,,25994.0
diabetes_stroke_change_raw[functional],0.28689039733257593,0.044473757225271235,1.1127637080530266e-10,stacked_worsening,25994,8144,True,klosa,diabetes_stroke_continuous_domain_interaction,mental_health,diabetes_stroke_change_raw,continuous,fixed,False,"depression,psychiatric",paired_observed_interval_domain_contrast,not_applicable_to_observed_interval_change,,25994.0
diabetes_stroke_change_raw[functional-minus-cognitive],0.12154665385255903,0.03804357708820585,0.001398636371824915,stacked_worsening,25994,8144,True,klosa,diabetes_stroke_continuous_domain_interaction,mental_health,diabetes_stroke_change_raw,continuous,fixed,False,"depression,psychiatric",paired_observed_interval_domain_contrast,not_applicable_to_observed_interval_change,,25994.0
diabetes_stroke_change_raw[cognitive],0.05976443759870592,0.02086345340546866,0.004176001893244381,stacked_worsening,20088,11976,True,mhas,diabetes_stroke_continuous_domain_interaction,mental_health,diabetes_stroke_change_raw,continuous,fixed,False,depression,paired_observed_interval_domain_contrast,not_applicable_to_observed_interval_change,,20088.0
diabetes_stroke_change_raw[functional],0.1612325047446729,0.036680122961023416,1.104483892619031e-05,stacked_worsening,20088,11976,True,mhas,diabetes_stroke_continuous_domain_interaction,mental_health,diabetes_stroke_change_raw,continuous,fixed,False,depression,paired_observed_interval_domain_contrast,not_applicable_to_observed_interval_change,,20088.0
diabetes_stroke_change_raw[functional-minus-cognitive],0.10146806714596698,0.03942778496271605,0.010067075812522776,stacked_worsening,20088,11976,True,mhas,diabetes_stroke_continuous_domain_interaction,mental_health,diabetes_stroke_change_raw,continuous,fixed,False,depression,paired_observed_interval_domain_contrast,not_applicable_to_observed_interval_change,,20088.0
diabetes_stroke_change_raw[cognitive],0.11815594701618096,0.012171716372067154,2.8034684719765946e-22,stacked_worsening,96783,54824,True,share,diabetes_stroke_continuous_domain_interaction,mental_health,diabetes_stroke_change_raw,continuous,fixed,False,"depression,psychiatric",paired_observed_interval_domain_contrast,not_applicable_to_observed_interval_change,,96783.0
diabetes_stroke_change_raw[functional],0.19973989828216893,0.015072816246725577,4.413078656434999e-40,stacked_worsening,96783,54824,True,share,diabetes_stroke_continuous_domain_interaction,mental_health,diabetes_stroke_change_raw,continuous,fixed,False,"depression,psychiatric",paired_observed_interval_domain_contrast,not_applicable_to_observed_interval_change,,96783.0
diabetes_stroke_change_raw[functional-minus-cognitive],0.08158395126598796,0.017772343867976305,4.421846540451247e-06,stacked_worsening,96783,54824,True,share,diabetes_stroke_continuous_domain_interaction,mental_health,diabetes_stroke_change_raw,continuous,fixed,False,"depression,psychiatric",paired_observed_interval_domain_contrast,not_applicable_to_observed_interval_change,,96783.0
diabetes_stroke_start,-0.06059454006591993,0.06867902488502686,0.37762218174226125,any_cognitive,25347,12246,True,charls,diabetes_stroke_transition_gee,mental_health,diabetes_stroke_start,matched_0.20,fixed,False,"depression,psychiatric",survivor_conditional_domain_transition,observed_living_endpoint_survivor_conditional_model,True,
diabetes_stroke_start,0.36820000306342016,0.05374600950274285,7.346831021542189e-12,any_functional,25347,12246,True,charls,diabetes_stroke_transition_gee,mental_health,diabetes_stroke_start,matched_0.20,fixed,False,"depression,psychiatric",survivor_conditional_domain_transition,observed_living_endpoint_survivor_conditional_model,True,
diabetes_stroke_start,0.12042189754688318,0.04826677315077381,0.012598435466964061,any_cognitive,40905,11113,True,elsa,diabetes_stroke_transition_gee,mental_health,diabetes_stroke_start,matched_0.20,fixed,False,"depression,psychiatric",survivor_conditional_domain_transition,observed_living_endpoint_survivor_conditional_model,False,
diabetes_stroke_start,0.45311902527819925,0.05534717589267398,2.681521092580321e-16,any_functional,40905,11113,True,elsa,diabetes_stroke_transition_gee,mental_health,diabetes_stroke_start,matched_0.20,fixed,False,"depression,psychiatric",survivor_conditional_domain_transition,observed_living_endpoint_survivor_conditional_model,False,
diabetes_stroke_start,0.16298897274034543,0.026897847372480486,1.3649905294747566e-09,any_cognitive,98829,24278,True,hrs,diabetes_stroke_transition_gee,mental_health,diabetes_stroke_start,matched_0.20,fixed,False,"depression,psychiatric",survivor_conditional_domain_transition,observed_living_endpoint_survivor_conditional_model,True,
diabetes_stroke_start,0.41587473477969855,0.026466163582181217,1.2233689326793625e-55,any_functional,98829,24278,True,hrs,diabetes_stroke_transition_gee,mental_health,diabetes_stroke_start,matched_0.20,fixed,False,"depression,psychiatric",survivor_conditional_domain_transition,observed_living_endpoint_survivor_conditional_model,True,
diabetes_stroke_start,0.08949176010071827,0.06012732377951229,0.13665310169415854,any_cognitive,19829,7021,True,klosa,diabetes_stroke_transition_gee,mental_health,diabetes_stroke_start,matched_0.20,fixed,False,"depression,psychiatric",survivor_conditional_domain_transition,observed_living_endpoint_survivor_conditional_model,True,
diabetes_stroke_start,0.4040623239071094,0.0768241783841067,1.4439081557682452e-07,any_functional,19829,7021,True,klosa,diabetes_stroke_transition_gee,mental_health,diabetes_stroke_start,matched_0.20,fixed,False,"depression,psychiatric",survivor_conditional_domain_transition,observed_living_endpoint_survivor_conditional_model,True,
diabetes_stroke_start,0.08359777296754249,0.0632972106222271,0.18659537019808947,any_cognitive,14128,9303,True,mhas,diabetes_stroke_transition_gee,mental_health,diabetes_stroke_start,matched_0.20,fixed,False,depression,survivor_conditional_domain_transition,observed_living_endpoint_survivor_conditional_model,True,
diabetes_stroke_start,0.5098611926530983,0.05414642772833542,4.670843676118147e-21,any_functional,14128,9303,True,mhas,diabetes_stroke_transition_gee,mental_health,diabetes_stroke_start,matched_0.20,fixed,False,depression,survivor_conditional_domain_transition,observed_living_endpoint_survivor_conditional_model,True,
diabetes_stroke_start,0.08645568381757619,0.03444905484030564,0.012084478452676574,any_cognitive,71675,43519,True,share,diabetes_stroke_transition_gee,mental_health,diabetes_stroke_start,matched_0.20,fixed,False,"depression,psychiatric",survivor_conditional_domain_transition,observed_living_endpoint_survivor_conditional_model,True,
diabetes_stroke_start,0.4588601227339039,0.031468622482956045,3.682644646790779e-48,any_functional,71675,43519,True,share,diabetes_stroke_transition_gee,mental_health,diabetes_stroke_start,matched_0.20,fixed,False,"depression,psychiatric",survivor_conditional_domain_transition,observed_living_endpoint_survivor_conditional_model,True,
diabetes_stroke_start,-0.0605945400659209,0.06867902488502675,0.3776221817422528,any_domain,50694,12246,True,charls,diabetes_stroke_binary_domain_interaction,mental_health,diabetes_stroke_start,matched_0.20,fixed,False,"depression,psychiatric",survivor_conditional_paired_domain_contrast,observed_living_endpoint_survivor_conditional_model,True,
"C(domain, Treatment(reference='cognitive'))[T.functional]:diabetes_stroke_start",0.4287945431293409,0.0846880621514855,4.122272041753264e-07,any_domain,50694,12246,True,charls,diabetes_stroke_binary_domain_interaction,mental_health,diabetes_stroke_start,matched_0.20,fixed,False,"depression,psychiatric",survivor_conditional_paired_domain_contrast,observed_living_endpoint_survivor_conditional_model,True,
diabetes_stroke_start,0.12042189754688318,0.04826677315077361,0.012598435466963709,any_domain,81810,11113,True,elsa,diabetes_stroke_binary_domain_interaction,mental_health,diabetes_stroke_start,matched_0.20,fixed,False,"depression,psychiatric",survivor_conditional_paired_domain_contrast,observed_living_endpoint_survivor_conditional_model,False,
"C(domain, Treatment(reference='cognitive'))[T.functional]:diabetes_stroke_start",0.3326971277313157,0.0716970402150929,3.478719952498022e-06,any_domain,81810,11113,True,elsa,diabetes_stroke_binary_domain_interaction,mental_health,diabetes_stroke_start,matched_0.20,fixed,False,"depression,psychiatric",survivor_conditional_paired_domain_contrast,observed_living_endpoint_survivor_conditional_model,False,
diabetes_stroke_start,0.1629889727403454,0.026897847372480733,1.364990529475234e-09,any_domain,197658,24278,True,hrs,diabetes_stroke_binary_domain_interaction,mental_health,diabetes_stroke_start,matched_0.20,fixed,False,"depression,psychiatric",survivor_conditional_paired_domain_contrast,observed_living_endpoint_survivor_conditional_model,True,
"C(domain, Treatment(reference='cognitive'))[T.functional]:diabetes_stroke_start",0.25288576203935303,0.03585655148689834,1.7546972584613672e-12,any_domain,197658,24278,True,hrs,diabetes_stroke_binary_domain_interaction,mental_health,diabetes_stroke_start,matched_0.20,fixed,False,"depression,psychiatric",survivor_conditional_paired_domain_contrast,observed_living_endpoint_survivor_conditional_model,True,
diabetes_stroke_start,0.08949176010071852,0.060127284742305345,0.13665284699759667,any_domain,39658,7021,True,klosa,diabetes_stroke_binary_domain_interaction,mental_health,diabetes_stroke_start,matched_0.20,fixed,False,"depression,psychiatric",survivor_conditional_paired_domain_contrast,observed_living_endpoint_survivor_conditional_model,True,
"C(domain, Treatment(reference='cognitive'))[T.functional]:diabetes_stroke_start",0.3145705638063973,0.0918465701975621,0.0006148964795178325,any_domain,39658,7021,True,klosa,diabetes_stroke_binary_domain_interaction,mental_health,diabetes_stroke_start,matched_0.20,fixed,False,"depression,psychiatric",survivor_conditional_paired_domain_contrast,observed_living_endpoint_survivor_conditional_model,True,
diabetes_stroke_start,0.08359777296754288,0.06329750826216604,0.18659744170998194,any_domain,28256,9303,True,mhas,diabetes_stroke_binary_domain_interaction,mental_health,diabetes_stroke_start,matched_0.20,fixed,False,depression,survivor_conditional_paired_domain_contrast,observed_living_endpoint_survivor_conditional_model,True,
"C(domain, Treatment(reference='cognitive'))[T.functional]:diabetes_stroke_start",0.42626341968555514,0.08092977649237365,1.386125613901813e-07,any_domain,28256,9303,True,mhas,diabetes_stroke_binary_domain_interaction,mental_health,diabetes_stroke_start,matched_0.20,fixed,False,depression,survivor_conditional_paired_domain_contrast,observed_living_endpoint_survivor_conditional_model,True,
diabetes_stroke_start,0.08645568381757882,0.034449039737087364,0.012084440803032694,any_domain,143350,43519,True,share,diabetes_stroke_binary_domain_interaction,mental_health,diabetes_stroke_start,matched_0.20,fixed,False,"depression,psychiatric",survivor_conditional_paired_domain_contrast,observed_living_endpoint_survivor_conditional_model,True,
"C(domain, Treatment(reference='cognitive'))[T.functional]:diabetes_stroke_start",0.3724044389163261,0.04482364180613803,9.71526460948059e-17,any_domain,143350,43519,True,share,diabetes_stroke_binary_domain_interaction,mental_health,diabetes_stroke_start,matched_0.20,fixed,False,"depression,psychiatric",survivor_conditional_paired_domain_contrast,observed_living_endpoint_survivor_conditional_model,True,
cmm3_no_stroke_change_raw,0.01853477898744285,0.010681422307087834,0.08269917042920401,cognitive_worsening_fixed_raw,35936,15497,True,charls,cmm3_no_stroke_continuous_gee,mental_health,cmm3_no_stroke_change_raw,continuous,fixed,False,"depression,psychiatric",observed_interval_change,not_applicable_to_observed_interval_change,,
cmm3_no_stroke_change_raw,0.1038082807573924,0.01116320217805705,1.4157419805423382e-20,functional_worsening_fixed_raw,55064,20661,True,charls,cmm3_no_stroke_continuous_gee,mental_health,cmm3_no_stroke_change_raw,continuous,fixed,False,"depression,psychiatric",observed_interval_change,not_applicable_to_observed_interval_change,,
cmm3_no_stroke_change_raw,0.005312472919923551,0.013042043257688443,0.6837623974477867,cognitive_worsening_fixed_raw,45148,11323,True,elsa,cmm3_no_stroke_continuous_gee,mental_health,cmm3_no_stroke_change_raw,continuous,fixed,False,"depression,psychiatric",observed_interval_change,not_applicable_to_observed_interval_change,,
cmm3_no_stroke_change_raw,0.10893579307285582,0.016044793993139794,1.1253915215430804e-11,functional_worsening_fixed_raw,46567,11586,True,elsa,cmm3_no_stroke_continuous_gee,mental_health,cmm3_no_stroke_change_raw,continuous,fixed,False,"depression,psychiatric",observed_interval_change,not_applicable_to_observed_interval_change,,
cmm3_no_stroke_change_raw,0.026219574573911726,0.005624662364287097,3.1385585556542127e-06,cognitive_worsening_fixed_raw,154575,30667,True,hrs,cmm3_no_stroke_continuous_gee,mental_health,cmm3_no_stroke_change_raw,continuous,fixed,False,"depression,psychiatric",observed_interval_change,not_applicable_to_observed_interval_change,,
cmm3_no_stroke_change_raw,0.0878157428083255,0.0064821600241956896,8.220244843910601e-42,functional_worsening_fixed_raw,141450,29907,True,hrs,cmm3_no_stroke_continuous_gee,mental_health,cmm3_no_stroke_change_raw,continuous,fixed,False,"depression,psychiatric",observed_interval_change,not_applicable_to_observed_interval_change,,
cmm3_no_stroke_change_raw,0.029895067651345624,0.016662409340259983,0.07278725813326004,cognitive_worsening_fixed_raw,26004,8144,True,klosa,cmm3_no_stroke_continuous_gee,mental_health,cmm3_no_stroke_change_raw,continuous,fixed,False,"depression,psychiatric",observed_interval_change,not_applicable_to_observed_interval_change,,
cmm3_no_stroke_change_raw,0.043180823029855146,0.020367966472587026,0.034003005886037704,functional_worsening_fixed_raw,28172,8448,True,klosa,cmm3_no_stroke_continuous_gee,mental_health,cmm3_no_stroke_change_raw,continuous,fixed,False,"depression,psychiatric",observed_interval_change,not_applicable_to_observed_interval_change,,
cmm3_no_stroke_change_raw,0.050535377487109755,0.012259771330785402,3.755173855863856e-05,cognitive_worsening_fixed_raw,22603,13104,True,mhas,cmm3_no_stroke_continuous_gee,mental_health,cmm3_no_stroke_change_raw,continuous,fixed,False,depression,observed_interval_change,not_applicable_to_observed_interval_change,,
cmm3_no_stroke_change_raw,0.11158488594830963,0.020270495382214895,3.696017816796673e-08,functional_worsening_fixed_raw,20061,11969,True,mhas,cmm3_no_stroke_continuous_gee,mental_health,cmm3_no_stroke_change_raw,continuous,fixed,False,depression,observed_interval_change,not_applicable_to_observed_interval_change,,
cmm3_no_stroke_change_raw,0.04815885901164864,0.006482112672204056,1.0900857727314462e-13,cognitive_worsening_fixed_raw,96806,54834,True,share,cmm3_no_stroke_continuous_gee,mental_health,cmm3_no_stroke_change_raw,continuous,fixed,False,"depression,psychiatric",observed_interval_change,not_applicable_to_observed_interval_change,,
cmm3_no_stroke_change_raw,0.09504380855506218,0.008553786402673283,1.1052079863513087e-28,functional_worsening_fixed_raw,107330,60145,True,share,cmm3_no_stroke_continuous_gee,mental_health,cmm3_no_stroke_change_raw,continuous,fixed,False,"depression,psychiatric",observed_interval_change,not_applicable_to_observed_interval_change,,
cmm3_no_stroke_change_raw[cognitive],0.011704764227796977,0.01077144456713254,0.27719258655619927,stacked_worsening,34924,15152,True,charls,cmm3_no_stroke_continuous_domain_interaction,mental_health,cmm3_no_stroke_change_raw,continuous,fixed,False,"depression,psychiatric",paired_observed_interval_domain_contrast,not_applicable_to_observed_interval_change,,34924.0
cmm3_no_stroke_change_raw[functional],0.06623993851606776,0.010491070309799691,2.720278114113468e-10,stacked_worsening,34924,15152,True,charls,cmm3_no_stroke_continuous_domain_interaction,mental_health,cmm3_no_stroke_change_raw,continuous,fixed,False,"depression,psychiatric",paired_observed_interval_domain_contrast,not_applicable_to_observed_interval_change,,34924.0
cmm3_no_stroke_change_raw[functional-minus-cognitive],0.054535174288270774,0.014267875999133857,0.00013224759419630638,stacked_worsening,34924,15152,True,charls,cmm3_no_stroke_continuous_domain_interaction,mental_health,cmm3_no_stroke_change_raw,continuous,fixed,False,"depression,psychiatric",paired_observed_interval_domain_contrast,not_applicable_to_observed_interval_change,,34924.0
cmm3_no_stroke_change_raw[cognitive],-0.0011808739269705628,0.013003623320050313,0.9276426539633472,stacked_worsening,45140,11322,True,elsa,cmm3_no_stroke_continuous_domain_interaction,mental_health,cmm3_no_stroke_change_raw,continuous,fixed,False,"depression,psychiatric",paired_observed_interval_domain_contrast,not_applicable_to_observed_interval_change,,45140.0
cmm3_no_stroke_change_raw[functional],0.06498330297138004,0.013677350452427009,2.022513591748554e-06,stacked_worsening,45140,11322,True,elsa,cmm3_no_stroke_continuous_domain_interaction,mental_health,cmm3_no_stroke_change_raw,continuous,fixed,False,"depression,psychiatric",paired_observed_interval_domain_contrast,not_applicable_to_observed_interval_change,,45140.0
cmm3_no_stroke_change_raw[functional-minus-cognitive],0.06616417689835061,0.017972187508860708,0.00023188762472663914,stacked_worsening,45140,11322,True,elsa,cmm3_no_stroke_continuous_domain_interaction,mental_health,cmm3_no_stroke_change_raw,continuous,fixed,False,"depression,psychiatric",paired_observed_interval_domain_contrast,not_applicable_to_observed_interval_change,,45140.0
cmm3_no_stroke_change_raw[cognitive],0.026410531108343117,0.00592265259126007,8.225066631886313e-06,stacked_worsening,138775,29302,True,hrs,cmm3_no_stroke_continuous_domain_interaction,mental_health,cmm3_no_stroke_change_raw,continuous,fixed,False,"depression,psychiatric",paired_observed_interval_domain_contrast,not_applicable_to_observed_interval_change,,138775.0
cmm3_no_stroke_change_raw[functional],0.04926336089685199,0.005226402558745763,4.265780158431407e-21,stacked_worsening,138775,29302,True,hrs,cmm3_no_stroke_continuous_domain_interaction,mental_health,cmm3_no_stroke_change_raw,continuous,fixed,False,"depression,psychiatric",paired_observed_interval_domain_contrast,not_applicable_to_observed_interval_change,,138775.0
cmm3_no_stroke_change_raw[functional-minus-cognitive],0.02285282978850887,0.007436111908700497,0.002117602139201704,stacked_worsening,138775,29302,True,hrs,cmm3_no_stroke_continuous_domain_interaction,mental_health,cmm3_no_stroke_change_raw,continuous,fixed,False,"depression,psychiatric",paired_observed_interval_domain_contrast,not_applicable_to_observed_interval_change,,138775.0
cmm3_no_stroke_change_raw[cognitive],0.031223410196940256,0.016601101241142394,0.059998646687949575,stacked_worsening,26002,8144,True,klosa,cmm3_no_stroke_continuous_domain_interaction,mental_health,cmm3_no_stroke_change_raw,continuous,fixed,False,"depression,psychiatric",paired_observed_interval_domain_contrast,not_applicable_to_observed_interval_change,,26002.0
cmm3_no_stroke_change_raw[functional],0.024192466123075674,0.017441541553662492,0.165423441700003,stacked_worsening,26002,8144,True,klosa,cmm3_no_stroke_continuous_domain_interaction,mental_health,cmm3_no_stroke_change_raw,continuous,fixed,False,"depression,psychiatric",paired_observed_interval_domain_contrast,not_applicable_to_observed_interval_change,,26002.0
cmm3_no_stroke_change_raw[functional-minus-cognitive],-0.007030944073864582,0.01980499487484797,0.7225831268999174,stacked_worsening,26002,8144,True,klosa,cmm3_no_stroke_continuous_domain_interaction,mental_health,cmm3_no_stroke_change_raw,continuous,fixed,False,"depression,psychiatric",paired_observed_interval_domain_contrast,not_applicable_to_observed_interval_change,,26002.0
cmm3_no_stroke_change_raw[cognitive],0.04779081255353239,0.013094842209581042,0.0002626586277093144,stacked_worsening,20061,11969,True,mhas,cmm3_no_stroke_continuous_domain_interaction,mental_health,cmm3_no_stroke_change_raw,continuous,fixed,False,depression,paired_observed_interval_domain_contrast,not_applicable_to_observed_interval_change,,20061.0
cmm3_no_stroke_change_raw[functional],0.10852365271767454,0.02020287132136332,7.800017533070961e-08,stacked_worsening,20061,11969,True,mhas,cmm3_no_stroke_continuous_domain_interaction,mental_health,cmm3_no_stroke_change_raw,continuous,fixed,False,depression,paired_observed_interval_domain_contrast,not_applicable_to_observed_interval_change,,20061.0
cmm3_no_stroke_change_raw[functional-minus-cognitive],0.060732840164142154,0.02285266309725432,0.007870329773381347,stacked_worsening,20061,11969,True,mhas,cmm3_no_stroke_continuous_domain_interaction,mental_health,cmm3_no_stroke_change_raw,continuous,fixed,False,depression,paired_observed_interval_domain_contrast,not_applicable_to_observed_interval_change,,20061.0
cmm3_no_stroke_change_raw[cognitive],0.04626407374416373,0.006473849147698976,8.914755887501886e-13,stacked_worsening,96784,54825,True,share,cmm3_no_stroke_continuous_domain_interaction,mental_health,cmm3_no_stroke_change_raw,continuous,fixed,False,"depression,psychiatric",paired_observed_interval_domain_contrast,not_applicable_to_observed_interval_change,,96784.0
cmm3_no_stroke_change_raw[functional],0.06184462644347971,0.006723366891552574,3.6311375890811075e-20,stacked_worsening,96784,54825,True,share,cmm3_no_stroke_continuous_domain_interaction,mental_health,cmm3_no_stroke_change_raw,continuous,fixed,False,"depression,psychiatric",paired_observed_interval_domain_contrast,not_applicable_to_observed_interval_change,,96784.0
cmm3_no_stroke_change_raw[functional-minus-cognitive],0.015580552699315974,0.008671166014308548,0.07236368408328736,stacked_worsening,96784,54825,True,share,cmm3_no_stroke_continuous_domain_interaction,mental_health,cmm3_no_stroke_change_raw,continuous,fixed,False,"depression,psychiatric",paired_observed_interval_domain_contrast,not_applicable_to_observed_interval_change,,96784.0
cmm3_no_stroke_start,-0.10434856632614999,0.032069024862313666,0.0011384275982102233,any_cognitive,25223,12217,True,charls,cmm3_no_stroke_transition_gee,mental_health,cmm3_no_stroke_start,matched_0.20,fixed,False,"depression,psychiatric",survivor_conditional_domain_transition,observed_living_endpoint_survivor_conditional_model,True,
cmm3_no_stroke_start,0.22217949028385403,0.026206565746787303,2.290810007238004e-17,any_functional,25223,12217,True,charls,cmm3_no_stroke_transition_gee,mental_health,cmm3_no_stroke_start,matched_0.20,fixed,False,"depression,psychiatric",survivor_conditional_domain_transition,observed_living_endpoint_survivor_conditional_model,True,
cmm3_no_stroke_start,0.006906032491851777,0.024280626475620043,0.7760842195058621,any_cognitive,36508,10887,True,elsa,cmm3_no_stroke_transition_gee,mental_health,cmm3_no_stroke_start,matched_0.20,fixed,False,"depression,psychiatric",survivor_conditional_domain_transition,observed_living_endpoint_survivor_conditional_model,False,
cmm3_no_stroke_start,0.3258503596772918,0.02823781093986457,8.340381594738095e-31,any_functional,36508,10887,True,elsa,cmm3_no_stroke_transition_gee,mental_health,cmm3_no_stroke_start,matched_0.20,fixed,False,"depression,psychiatric",survivor_conditional_domain_transition,observed_living_endpoint_survivor_conditional_model,False,
cmm3_no_stroke_start,0.058467546022602186,0.0151065568465264,0.00010868264196129613,any_cognitive,98829,24278,True,hrs,cmm3_no_stroke_transition_gee,mental_health,cmm3_no_stroke_start,matched_0.20,fixed,False,"depression,psychiatric",survivor_conditional_domain_transition,observed_living_endpoint_survivor_conditional_model,True,
cmm3_no_stroke_start,0.26894171524211136,0.015536280303819034,3.915865687187184e-67,any_functional,98829,24278,True,hrs,cmm3_no_stroke_transition_gee,mental_health,cmm3_no_stroke_start,matched_0.20,fixed,False,"depression,psychiatric",survivor_conditional_domain_transition,observed_living_endpoint_survivor_conditional_model,True,
cmm3_no_stroke_start,0.012148641419162427,0.03597772184624791,0.735610961251999,any_cognitive,19831,7021,True,klosa,cmm3_no_stroke_transition_gee,mental_health,cmm3_no_stroke_start,matched_0.20,fixed,False,"depression,psychiatric",survivor_conditional_domain_transition,observed_living_endpoint_survivor_conditional_model,True,
cmm3_no_stroke_start,0.188344617816825,0.04930715855505345,0.00013354747846202076,any_functional,19831,7021,True,klosa,cmm3_no_stroke_transition_gee,mental_health,cmm3_no_stroke_start,matched_0.20,fixed,False,"depression,psychiatric",survivor_conditional_domain_transition,observed_living_endpoint_survivor_conditional_model,True,
cmm3_no_stroke_start,-0.04353751979395588,0.0391172225388188,0.2657078683538302,any_cognitive,14110,9299,True,mhas,cmm3_no_stroke_transition_gee,mental_health,cmm3_no_stroke_start,matched_0.20,fixed,False,depression,survivor_conditional_domain_transition,observed_living_endpoint_survivor_conditional_model,True,
cmm3_no_stroke_start,0.3558175008843864,0.034561860458211996,7.414938054070797e-25,any_functional,14110,9299,True,mhas,cmm3_no_stroke_transition_gee,mental_health,cmm3_no_stroke_start,matched_0.20,fixed,False,depression,survivor_conditional_domain_transition,observed_living_endpoint_survivor_conditional_model,True,
cmm3_no_stroke_start,0.027877172465030815,0.01865498482459077,0.13508282005066366,any_cognitive,71675,43519,True,share,cmm3_no_stroke_transition_gee,mental_health,cmm3_no_stroke_start,matched_0.20,fixed,False,"depression,psychiatric",survivor_conditional_domain_transition,observed_living_endpoint_survivor_conditional_model,True,
cmm3_no_stroke_start,0.27552567369211767,0.017835154820099283,7.726769703574616e-54,any_functional,71675,43519,True,share,cmm3_no_stroke_transition_gee,mental_health,cmm3_no_stroke_start,matched_0.20,fixed,False,"depression,psychiatric",survivor_conditional_domain_transition,observed_living_endpoint_survivor_conditional_model,True,
cmm3_no_stroke_start,-0.10434856632615064,0.032069024862317025,0.0011384275982115096,any_domain,50446,12217,True,charls,cmm3_no_stroke_binary_domain_interaction,mental_health,cmm3_no_stroke_start,matched_0.20,fixed,False,"depression,psychiatric",survivor_conditional_paired_domain_contrast,observed_living_endpoint_survivor_conditional_model,True,
"C(domain, Treatment(reference='cognitive'))[T.functional]:cmm3_no_stroke_start",0.32652805661000445,0.03961132224195134,1.6752328259934203e-16,any_domain,50446,12217,True,charls,cmm3_no_stroke_binary_domain_interaction,mental_health,cmm3_no_stroke_start,matched_0.20,fixed,False,"depression,psychiatric",survivor_conditional_paired_domain_contrast,observed_living_endpoint_survivor_conditional_model,True,
cmm3_no_stroke_start,0.006906032491851816,0.02428062647561944,0.7760842195058555,any_domain,73016,10887,True,elsa,cmm3_no_stroke_binary_domain_interaction,mental_health,cmm3_no_stroke_start,matched_0.20,fixed,False,"depression,psychiatric",survivor_conditional_paired_domain_contrast,observed_living_endpoint_survivor_conditional_model,False,
"C(domain, Treatment(reference='cognitive'))[T.functional]:cmm3_no_stroke_start",0.31894432718544014,0.036356573739123696,1.744744030609221e-18,any_domain,73016,10887,True,elsa,cmm3_no_stroke_binary_domain_interaction,mental_health,cmm3_no_stroke_start,matched_0.20,fixed,False,"depression,psychiatric",survivor_conditional_paired_domain_contrast,observed_living_endpoint_survivor_conditional_model,False,
cmm3_no_stroke_start,0.058467546022601936,0.015106556846526984,0.0001086826419613704,any_domain,197658,24278,True,hrs,cmm3_no_stroke_binary_domain_interaction,mental_health,cmm3_no_stroke_start,matched_0.20,fixed,False,"depression,psychiatric",survivor_conditional_paired_domain_contrast,observed_living_endpoint_survivor_conditional_model,True,
"C(domain, Treatment(reference='cognitive'))[T.functional]:cmm3_no_stroke_start",0.2104741692195093,0.020755549504029216,3.647717963251288e-24,any_domain,197658,24278,True,hrs,cmm3_no_stroke_binary_domain_interaction,mental_health,cmm3_no_stroke_start,matched_0.20,fixed,False,"depression,psychiatric",survivor_conditional_paired_domain_contrast,observed_living_endpoint_survivor_conditional_model,True,
cmm3_no_stroke_start,0.012148641419162725,0.03597826269273252,0.7356147869332097,any_domain,39662,7021,True,klosa,cmm3_no_stroke_binary_domain_interaction,mental_health,cmm3_no_stroke_start,matched_0.20,fixed,False,"depression,psychiatric",survivor_conditional_paired_domain_contrast,observed_living_endpoint_survivor_conditional_model,True,
"C(domain, Treatment(reference='cognitive'))[T.functional]:cmm3_no_stroke_start",0.17619597639766202,0.05828536791673875,0.0025029204595267297,any_domain,39662,7021,True,klosa,cmm3_no_stroke_binary_domain_interaction,mental_health,cmm3_no_stroke_start,matched_0.20,fixed,False,"depression,psychiatric",survivor_conditional_paired_domain_contrast,observed_living_endpoint_survivor_conditional_model,True,
cmm3_no_stroke_start,-0.04353751979395609,0.039116707970408525,0.26570158028743973,any_domain,28220,9299,True,mhas,cmm3_no_stroke_binary_domain_interaction,mental_health,cmm3_no_stroke_start,matched_0.20,fixed,False,depression,survivor_conditional_paired_domain_contrast,observed_living_endpoint_survivor_conditional_model,True,
"C(domain, Treatment(reference='cognitive'))[T.functional]:cmm3_no_stroke_start",0.399355020678343,0.050869778121028005,4.142631803959097e-15,any_domain,28220,9299,True,mhas,cmm3_no_stroke_binary_domain_interaction,mental_health,cmm3_no_stroke_start,matched_0.20,fixed,False,depression,survivor_conditional_paired_domain_contrast,observed_living_endpoint_survivor_conditional_model,True,
cmm3_no_stroke_start,0.027877172465033642,0.01865501629246003,0.1350834785501876,any_domain,143350,43519,True,share,cmm3_no_stroke_binary_domain_interaction,mental_health,cmm3_no_stroke_start,matched_0.20,fixed,False,"depression,psychiatric",survivor_conditional_paired_domain_contrast,observed_living_endpoint_survivor_conditional_model,True,
"C(domain, Treatment(reference='cognitive'))[T.functional]:cmm3_no_stroke_start",0.24764850122708354,0.024792322954871007,1.7043046437199778e-23,any_domain,143350,43519,True,share,cmm3_no_stroke_binary_domain_interaction,mental_health,cmm3_no_stroke_start,matched_0.20,fixed,False,"depression,psychiatric",survivor_conditional_paired_domain_contrast,observed_living_endpoint_survivor_conditional_model,True,
pre_cmm4_slope,0.04117253250441576,0.021021675153945846,0.05016255136581761,cognitive_delayed_slope,8013,8013,True,charls,temporal_boundary_landmark,base,pre_cmm4_slope,continuous,fixed,False,"baseline_cmm4,baseline_cognition_post,baseline_function_post,age,sex,education,pre_years,post_years",person_level_early_cmm_accumulation_to_later_domain_slope,living_participants_with_four_or_more_observed_waves,False,
pre_cmm4_slope,0.02507307934690344,0.03258169686692118,0.4415698879684907,cognitive_delayed_slope,9111,9111,True,elsa,temporal_boundary_landmark,base,pre_cmm4_slope,continuous,fixed,False,"baseline_cmm4,baseline_cognition_post,baseline_function_post,age,sex,education,pre_years,post_years",person_level_early_cmm_accumulation_to_later_domain_slope,living_participants_with_four_or_more_observed_waves,False,
pre_cmm4_slope,0.03129689560456976,0.01419842104748886,0.027506638414045676,cognitive_delayed_slope,21364,21364,True,hrs,temporal_boundary_landmark,base,pre_cmm4_slope,continuous,fixed,False,"baseline_cmm4,baseline_cognition_post,baseline_function_post,age,sex,education,pre_years,post_years",person_level_early_cmm_accumulation_to_later_domain_slope,living_participants_with_four_or_more_observed_waves,False,
pre_cmm4_slope,0.03165392254969328,0.02101510403454995,0.13200395957934877,cognitive_delayed_slope,6112,6112,True,klosa,temporal_boundary_landmark,base,pre_cmm4_slope,continuous,fixed,False,"baseline_cmm4,baseline_cognition_post,baseline_function_post,age,sex,education,pre_years,post_years",person_level_early_cmm_accumulation_to_later_domain_slope,living_participants_with_four_or_more_observed_waves,False,
pre_cmm4_slope,0.030448579480615492,0.00722290627598901,2.4916147363378793e-05,cognitive_delayed_slope,17817,17817,True,share,temporal_boundary_landmark,base,pre_cmm4_slope,continuous,fixed,False,"baseline_cmm4,baseline_cognition_post,baseline_function_post,age,sex,education,pre_years,post_years",person_level_early_cmm_accumulation_to_later_domain_slope,living_participants_with_four_or_more_observed_waves,False,
pre_cmm4_slope,0.035956276307715064,0.018969205260981028,0.05802516092484558,functional_delayed_slope,8013,8013,True,charls,temporal_boundary_landmark,base,pre_cmm4_slope,continuous,fixed,False,"baseline_cmm4,baseline_cognition_post,baseline_function_post,age,sex,education,pre_years,post_years",person_level_early_cmm_accumulation_to_later_domain_slope,living_participants_with_four_or_more_observed_waves,False,
pre_cmm4_slope,0.036172589020366006,0.03330418876238407,0.2774226703906586,functional_delayed_slope,9111,9111,True,elsa,temporal_boundary_landmark,base,pre_cmm4_slope,continuous,fixed,False,"baseline_cmm4,baseline_cognition_post,baseline_function_post,age,sex,education,pre_years,post_years",person_level_early_cmm_accumulation_to_later_domain_slope,living_participants_with_four_or_more_observed_waves,False,
pre_cmm4_slope,0.00953403862836714,0.013734114156997759,0.4875651667658082,functional_delayed_slope,21364,21364,True,hrs,temporal_boundary_landmark,base,pre_cmm4_slope,continuous,fixed,False,"baseline_cmm4,baseline_cognition_post,baseline_function_post,age,sex,education,pre_years,post_years",person_level_early_cmm_accumulation_to_later_domain_slope,living_participants_with_four_or_more_observed_waves,False,
pre_cmm4_slope,0.010861701126784714,0.027074664113624955,0.6882906668662133,functional_delayed_slope,6112,6112,True,klosa,temporal_boundary_landmark,base,pre_cmm4_slope,continuous,fixed,False,"baseline_cmm4,baseline_cognition_post,baseline_function_post,age,sex,education,pre_years,post_years",person_level_early_cmm_accumulation_to_later_domain_slope,living_participants_with_four_or_more_observed_waves,False,
pre_cmm4_slope,0.01327073943763564,0.009069767672088828,0.14341702271066392,functional_delayed_slope,17817,17817,True,share,temporal_boundary_landmark,base,pre_cmm4_slope,continuous,fixed,False,"baseline_cmm4,baseline_cognition_post,baseline_function_post,age,sex,education,pre_years,post_years",person_level_early_cmm_accumulation_to_later_domain_slope,living_participants_with_four_or_more_observed_waves,False,
pre_cmm4_slope,0.03856440440606541,0.014396794033843507,0.007391299084206422,mean_delayed_slope,8013,8013,True,charls,temporal_boundary_landmark,base,pre_cmm4_slope,continuous,fixed,False,"baseline_cmm4,baseline_cognition_post,baseline_function_post,age,sex,education,pre_years,post_years",person_level_early_cmm_accumulation_to_later_domain_slope,living_participants_with_four_or_more_observed_waves,False,
pre_cmm4_slope,0.030622834183634734,0.02436999012260789,0.2089058796235561,mean_delayed_slope,9111,9111,True,elsa,temporal_boundary_landmark,base,pre_cmm4_slope,continuous,fixed,False,"baseline_cmm4,baseline_cognition_post,baseline_function_post,age,sex,education,pre_years,post_years",person_level_early_cmm_accumulation_to_later_domain_slope,living_participants_with_four_or_more_observed_waves,False,
pre_cmm4_slope,0.020415467116468425,0.01036067983166991,0.04878388531321794,mean_delayed_slope,21364,21364,True,hrs,temporal_boundary_landmark,base,pre_cmm4_slope,continuous,fixed,False,"baseline_cmm4,baseline_cognition_post,baseline_function_post,age,sex,education,pre_years,post_years",person_level_early_cmm_accumulation_to_later_domain_slope,living_participants_with_four_or_more_observed_waves,False,
pre_cmm4_slope,0.021257811838239007,0.01915062761859543,0.2669851842725043,mean_delayed_slope,6112,6112,True,klosa,temporal_boundary_landmark,base,pre_cmm4_slope,continuous,fixed,False,"baseline_cmm4,baseline_cognition_post,baseline_function_post,age,sex,education,pre_years,post_years",person_level_early_cmm_accumulation_to_later_domain_slope,living_participants_with_four_or_more_observed_waves,False,
pre_cmm4_slope,0.021859659459125557,0.006254308396355101,0.0004738199637191418,mean_delayed_slope,17817,17817,True,share,temporal_boundary_landmark,base,pre_cmm4_slope,continuous,fixed,False,"baseline_cmm4,baseline_cognition_post,baseline_function_post,age,sex,education,pre_years,post_years",person_level_early_cmm_accumulation_to_later_domain_slope,living_participants_with_four_or_more_observed_waves,False,
cmm4_change_raw,0.02778040180354189,0.010145205766172245,0.006176169403595717,cognitive_worsening_fixed_raw,35826,15464,True,charls,exclude_interval_outside_0_5_to_5y_continuous_gee_fixed_unannualised,mental_health,cmm4_change_raw,continuous,fixed,False,"depression,psychiatric",observed_interval_change,not_applicable_to_observed_interval_change,,
cmm4_change_raw,0.16744227888654556,0.011438834462452233,1.605988370536136e-48,functional_worsening_fixed_raw,54868,20616,True,charls,exclude_interval_outside_0_5_to_5y_continuous_gee_fixed_unannualised,mental_health,cmm4_change_raw,continuous,fixed,False,"depression,psychiatric",observed_interval_change,not_applicable_to_observed_interval_change,,
cmm4_change_raw,0.03209573368021047,0.012868786523711524,0.012628544481405142,cognitive_worsening_fixed_raw,45148,11323,True,elsa,exclude_interval_outside_0_5_to_5y_continuous_gee_fixed_unannualised,mental_health,cmm4_change_raw,continuous,fixed,False,"depression,psychiatric",observed_interval_change,not_applicable_to_observed_interval_change,,
cmm4_change_raw,0.17726496022240487,0.017601857550709425,7.43632261454017e-24,functional_worsening_fixed_raw,46567,11586,True,elsa,exclude_interval_outside_0_5_to_5y_continuous_gee_fixed_unannualised,mental_health,cmm4_change_raw,continuous,fixed,False,"depression,psychiatric",observed_interval_change,not_applicable_to_observed_interval_change,,
cmm4_change_raw,0.04358254574640897,0.005272582180625129,1.3866486714309786e-16,cognitive_worsening_fixed_raw,154573,30666,True,hrs,exclude_interval_outside_0_5_to_5y_continuous_gee_fixed_unannualised,mental_health,cmm4_change_raw,continuous,fixed,False,"depression,psychiatric",observed_interval_change,not_applicable_to_observed_interval_change,,
cmm4_change_raw,0.15657462123507102,0.007154499411396653,3.627838055608622e-106,functional_worsening_fixed_raw,141448,29906,True,hrs,exclude_interval_outside_0_5_to_5y_continuous_gee_fixed_unannualised,mental_health,cmm4_change_raw,continuous,fixed,False,"depression,psychiatric",observed_interval_change,not_applicable_to_observed_interval_change,,
cmm4_change_raw,0.07781567287334716,0.017077357442527717,5.197401205352731e-06,cognitive_worsening_fixed_raw,25996,8144,True,klosa,exclude_interval_outside_0_5_to_5y_continuous_gee_fixed_unannualised,mental_health,cmm4_change_raw,continuous,fixed,False,"depression,psychiatric",observed_interval_change,not_applicable_to_observed_interval_change,,
cmm4_change_raw,0.17654780342747076,0.025328972478054376,3.165085423722756e-12,functional_worsening_fixed_raw,28163,8448,True,klosa,exclude_interval_outside_0_5_to_5y_continuous_gee_fixed_unannualised,mental_health,cmm4_change_raw,continuous,fixed,False,"depression,psychiatric",observed_interval_change,not_applicable_to_observed_interval_change,,
cmm4_change_raw,0.05969522342938183,0.011685766426519332,3.2494915324130307e-07,cognitive_worsening_fixed_raw,22585,13094,True,mhas,exclude_interval_outside_0_5_to_5y_continuous_gee_fixed_unannualised,mental_health,cmm4_change_raw,continuous,fixed,False,depression,observed_interval_change,not_applicable_to_observed_interval_change,,
cmm4_change_raw,0.14253248135806482,0.021008582885743175,1.164988073812982e-11,functional_worsening_fixed_raw,20047,11961,True,mhas,exclude_interval_outside_0_5_to_5y_continuous_gee_fixed_unannualised,mental_health,cmm4_change_raw,continuous,fixed,False,depression,observed_interval_change,not_applicable_to_observed_interval_change,,
cmm4_change_raw,0.06348755805537352,0.006092279913885056,1.988825002844804e-25,cognitive_worsening_fixed_raw,96805,54833,True,share,exclude_interval_outside_0_5_to_5y_continuous_gee_fixed_unannualised,mental_health,cmm4_change_raw,continuous,fixed,False,"depression,psychiatric",observed_interval_change,not_applicable_to_observed_interval_change,,
cmm4_change_raw,0.15845351905756555,0.008871741186134673,2.3958807207285008e-71,functional_worsening_fixed_raw,107329,60145,True,share,exclude_interval_outside_0_5_to_5y_continuous_gee_fixed_unannualised,mental_health,cmm4_change_raw,continuous,fixed,False,"depression,psychiatric",observed_interval_change,not_applicable_to_observed_interval_change,,
cmm4_change_raw[cognitive],0.02092298025234192,0.010227931836510162,0.04078878252732297,stacked_worsening,34823,15119,True,charls,exclude_interval_outside_0_5_to_5y_continuous_domain_interaction,mental_health,cmm4_change_raw,continuous,fixed,False,"depression,psychiatric",paired_observed_interval_domain_contrast,not_applicable_to_observed_interval_change,,34823.0
cmm4_change_raw[functional],0.09373259343104991,0.010952489279614131,1.1473419332594274e-17,stacked_worsening,34823,15119,True,charls,exclude_interval_outside_0_5_to_5y_continuous_domain_interaction,mental_health,cmm4_change_raw,continuous,fixed,False,"depression,psychiatric",paired_observed_interval_domain_contrast,not_applicable_to_observed_interval_change,,34823.0
cmm4_change_raw[functional-minus-cognitive],0.07280961317870799,0.01402634300340708,2.0925842846113977e-07,stacked_worsening,34823,15119,True,charls,exclude_interval_outside_0_5_to_5y_continuous_domain_interaction,mental_health,cmm4_change_raw,continuous,fixed,False,"depression,psychiatric",paired_observed_interval_domain_contrast,not_applicable_to_observed_interval_change,,34823.0
cmm4_change_raw[cognitive],0.02515817986874607,0.012814456321170283,0.04961533316267396,stacked_worsening,45140,11322,True,elsa,exclude_interval_outside_0_5_to_5y_continuous_domain_interaction,mental_health,cmm4_change_raw,continuous,fixed,False,"depression,psychiatric",paired_observed_interval_domain_contrast,not_applicable_to_observed_interval_change,,45140.0
cmm4_change_raw[functional],0.0980099817287037,0.014482149261315965,1.3089939791287026e-11,stacked_worsening,45140,11322,True,elsa,exclude_interval_outside_0_5_to_5y_continuous_domain_interaction,mental_health,cmm4_change_raw,continuous,fixed,False,"depression,psychiatric",paired_observed_interval_domain_contrast,not_applicable_to_observed_interval_change,,45140.0
cmm4_change_raw[functional-minus-cognitive],0.07285180185995764,0.018058688767205743,5.479587828521614e-05,stacked_worsening,45140,11322,True,elsa,exclude_interval_outside_0_5_to_5y_continuous_domain_interaction,mental_health,cmm4_change_raw,continuous,fixed,False,"depression,psychiatric",paired_observed_interval_domain_contrast,not_applicable_to_observed_interval_change,,45140.0
cmm4_change_raw[cognitive],0.04173197777729398,0.0055747076752300515,7.103193530135997e-14,stacked_worsening,138773,29301,True,hrs,exclude_interval_outside_0_5_to_5y_continuous_domain_interaction,mental_health,cmm4_change_raw,continuous,fixed,False,"depression,psychiatric",paired_observed_interval_domain_contrast,not_applicable_to_observed_interval_change,,138773.0
cmm4_change_raw[functional],0.08510871629729447,0.005611728188947515,5.9186861191179874e-52,stacked_worsening,138773,29301,True,hrs,exclude_interval_outside_0_5_to_5y_continuous_domain_interaction,mental_health,cmm4_change_raw,continuous,fixed,False,"depression,psychiatric",paired_observed_interval_domain_contrast,not_applicable_to_observed_interval_change,,138773.0
cmm4_change_raw[functional-minus-cognitive],0.04337673852000048,0.007342822641162153,3.4762153612604684e-09,stacked_worsening,138773,29301,True,hrs,exclude_interval_outside_0_5_to_5y_continuous_domain_interaction,mental_health,cmm4_change_raw,continuous,fixed,False,"depression,psychiatric",paired_observed_interval_domain_contrast,not_applicable_to_observed_interval_change,,138773.0
cmm4_change_raw[cognitive],0.07836242339121846,0.017010027010392004,4.088400469436111e-06,stacked_worsening,25994,8144,True,klosa,exclude_interval_outside_0_5_to_5y_continuous_domain_interaction,mental_health,cmm4_change_raw,continuous,fixed,False,"depression,psychiatric",paired_observed_interval_domain_contrast,not_applicable_to_observed_interval_change,,25994.0
cmm4_change_raw[functional],0.11785656061004468,0.02104961697612703,2.1560626170083614e-08,stacked_worsening,25994,8144,True,klosa,exclude_interval_outside_0_5_to_5y_continuous_domain_interaction,mental_health,cmm4_change_raw,continuous,fixed,False,"depression,psychiatric",paired_observed_interval_domain_contrast,not_applicable_to_observed_interval_change,,25994.0
cmm4_change_raw[functional-minus-cognitive],0.03949413721882622,0.020397058587329552,0.05283509364589311,stacked_worsening,25994,8144,True,klosa,exclude_interval_outside_0_5_to_5y_continuous_domain_interaction,mental_health,cmm4_change_raw,continuous,fixed,False,"depression,psychiatric",paired_observed_interval_domain_contrast,not_applicable_to_observed_interval_change,,25994.0
cmm4_change_raw[cognitive],0.0545542436203963,0.012479623259906772,1.2341530428571364e-05,stacked_worsening,20047,11961,True,mhas,exclude_interval_outside_0_5_to_5y_continuous_domain_interaction,mental_health,cmm4_change_raw,continuous,fixed,False,depression,paired_observed_interval_domain_contrast,not_applicable_to_observed_interval_change,,20047.0
cmm4_change_raw[functional],0.1389930427756762,0.020930884234568858,3.124682537203349e-11,stacked_worsening,20047,11961,True,mhas,exclude_interval_outside_0_5_to_5y_continuous_domain_interaction,mental_health,cmm4_change_raw,continuous,fixed,False,depression,paired_observed_interval_domain_contrast,not_applicable_to_observed_interval_change,,20047.0
cmm4_change_raw[functional-minus-cognitive],0.08443879915527991,0.022948291907823756,0.00023366936660764755,stacked_worsening,20047,11961,True,mhas,exclude_interval_outside_0_5_to_5y_continuous_domain_interaction,mental_health,cmm4_change_raw,continuous,fixed,False,depression,paired_observed_interval_domain_contrast,not_applicable_to_observed_interval_change,,20047.0
cmm4_change_raw[cognitive],0.0611567577449048,0.006083427877751139,8.910393910624987e-24,stacked_worsening,96783,54824,True,share,exclude_interval_outside_0_5_to_5y_continuous_domain_interaction,mental_health,cmm4_change_raw,continuous,fixed,False,"depression,psychiatric",paired_observed_interval_domain_contrast,not_applicable_to_observed_interval_change,,96783.0
cmm4_change_raw[functional],0.09661612890833991,0.006905531768574059,1.7660667050677015e-44,stacked_worsening,96783,54824,True,share,exclude_interval_outside_0_5_to_5y_continuous_domain_interaction,mental_health,cmm4_change_raw,continuous,fixed,False,"depression,psychiatric",paired_observed_interval_domain_contrast,not_applicable_to_observed_interval_change,,96783.0
cmm4_change_raw[functional-minus-cognitive],0.035459371163435116,0.008413269132941388,2.501149385595479e-05,stacked_worsening,96783,54824,True,share,exclude_interval_outside_0_5_to_5y_continuous_domain_interaction,mental_health,cmm4_change_raw,continuous,fixed,False,"depression,psychiatric",paired_observed_interval_domain_contrast,not_applicable_to_observed_interval_change,,96783.0
cmm4_start,-0.09775461547655996,0.03082804299501371,0.0015193395484664448,any_cognitive,25179,12204,True,charls,exclude_interval_outside_0_5_to_5y_transition_gee,mental_health,cmm4_start,matched_0.20,fixed,False,"depression,psychiatric",survivor_conditional_domain_transition,observed_living_endpoint_survivor_conditional_model,True,
cmm4_start,0.2307749924678283,0.02490523330247574,1.9303243419668643e-20,any_functional,25179,12204,True,charls,exclude_interval_outside_0_5_to_5y_transition_gee,mental_health,cmm4_start,matched_0.20,fixed,False,"depression,psychiatric",survivor_conditional_domain_transition,observed_living_endpoint_survivor_conditional_model,True,
cmm4_start,0.18863981217805414,0.07507260145855409,0.01197890697022258,death,25656,12403,True,charls,exclude_interval_outside_0_5_to_5y_transition_gee,mental_health,cmm4_start,matched_0.20,fixed,False,"depression,psychiatric",death_transition,validated_binary_death_endpoint,True,
cmm4_start,0.01673792092745345,0.02329900866130196,0.4725129857612661,any_cognitive,36508,10887,True,elsa,exclude_interval_outside_0_5_to_5y_transition_gee,mental_health,cmm4_start,matched_0.20,fixed,False,"depression,psychiatric",survivor_conditional_domain_transition,observed_living_endpoint_survivor_conditional_model,False,
cmm4_start,0.33292350629443557,0.02668734509037014,1.0226024365617553e-35,any_functional,36508,10887,True,elsa,exclude_interval_outside_0_5_to_5y_transition_gee,mental_health,cmm4_start,matched_0.20,fixed,False,"depression,psychiatric",survivor_conditional_domain_transition,observed_living_endpoint_survivor_conditional_model,False,
cmm4_start,0.0674481382056425,0.014236762003316103,2.162600601798067e-06,any_cognitive,98827,24277,True,hrs,exclude_interval_outside_0_5_to_5y_transition_gee,mental_health,cmm4_start,matched_0.20,fixed,False,"depression,psychiatric",survivor_conditional_domain_transition,observed_living_endpoint_survivor_conditional_model,True,
cmm4_start,0.27732244873726314,0.014608682906708203,2.3396154643081592e-80,any_functional,98827,24277,True,hrs,exclude_interval_outside_0_5_to_5y_transition_gee,mental_health,cmm4_start,matched_0.20,fixed,False,"depression,psychiatric",survivor_conditional_domain_transition,observed_living_endpoint_survivor_conditional_model,True,
cmm4_start,0.34729120011796166,0.022637160754662156,4.028783892027419e-53,death,101197,24816,True,hrs,exclude_interval_outside_0_5_to_5y_transition_gee,mental_health,cmm4_start,matched_0.20,fixed,False,"depression,psychiatric",death_transition,validated_binary_death_endpoint,True,
cmm4_start,0.027372708664082302,0.03345125369082346,0.4131936237735129,any_cognitive,19829,7021,True,klosa,exclude_interval_outside_0_5_to_5y_transition_gee,mental_health,cmm4_start,matched_0.20,fixed,False,"depression,psychiatric",survivor_conditional_domain_transition,observed_living_endpoint_survivor_conditional_model,True,
cmm4_start,0.22489029294278712,0.04544478471646735,7.473033339504803e-07,any_functional,19829,7021,True,klosa,exclude_interval_outside_0_5_to_5y_transition_gee,mental_health,cmm4_start,matched_0.20,fixed,False,"depression,psychiatric",survivor_conditional_domain_transition,observed_living_endpoint_survivor_conditional_model,True,
cmm4_start,0.06659761414016001,0.0584567846920493,0.25459374513018307,death,20261,7159,True,klosa,exclude_interval_outside_0_5_to_5y_transition_gee,mental_health,cmm4_start,matched_0.20,fixed,False,"depression,psychiatric",death_transition,validated_binary_death_endpoint,True,
cmm4_start,-0.03573774742254339,0.03785583666862704,0.3451448431031524,any_cognitive,14107,9298,True,mhas,exclude_interval_outside_0_5_to_5y_transition_gee,mental_health,cmm4_start,matched_0.20,fixed,False,depression,survivor_conditional_domain_transition,observed_living_endpoint_survivor_conditional_model,True,
cmm4_start,0.35349332841428266,0.033055897524723495,1.0881300184701432e-26,any_functional,14107,9298,True,mhas,exclude_interval_outside_0_5_to_5y_transition_gee,mental_health,cmm4_start,matched_0.20,fixed,False,depression,survivor_conditional_domain_transition,observed_living_endpoint_survivor_conditional_model,True,
cmm4_start,0.29461142127459766,0.09580798675841884,0.0021048883726680285,death,14524,9599,True,mhas,exclude_interval_outside_0_5_to_5y_transition_gee,mental_health,cmm4_start,matched_0.20,fixed,False,depression,death_transition,validated_binary_death_endpoint,True,
cmm4_start,0.031734753403467986,0.017463315551792338,0.06918284551770405,any_cognitive,71675,43519,True,share,exclude_interval_outside_0_5_to_5y_transition_gee,mental_health,cmm4_start,matched_0.20,fixed,False,"depression,psychiatric",survivor_conditional_domain_transition,observed_living_endpoint_survivor_conditional_model,True,
cmm4_start,0.28605214934592876,0.01651779911127516,3.4523351892216966e-67,any_functional,71675,43519,True,share,exclude_interval_outside_0_5_to_5y_transition_gee,mental_health,cmm4_start,matched_0.20,fixed,False,"depression,psychiatric",survivor_conditional_domain_transition,observed_living_endpoint_survivor_conditional_model,True,
cmm4_start,0.2545921058237476,0.020832905642015075,2.410836858170692e-34,death,74939,45304,True,share,exclude_interval_outside_0_5_to_5y_transition_gee,mental_health,cmm4_start,matched_0.20,fixed,False,"depression,psychiatric",death_transition,validated_binary_death_endpoint,True,
cmm4_start,-0.09775461547656003,0.030828042995016264,0.0015193395484678085,any_domain,50358,12204,True,charls,exclude_interval_outside_0_5_to_5y_binary_domain_interaction,mental_health,cmm4_start,matched_0.20,fixed,False,"depression,psychiatric",survivor_conditional_paired_domain_contrast,observed_living_endpoint_survivor_conditional_model,True,
"C(domain, Treatment(reference='cognitive'))[T.functional]:cmm4_start",0.3285296079443881,0.03794880138348188,4.835783454066528e-18,any_domain,50358,12204,True,charls,exclude_interval_outside_0_5_to_5y_binary_domain_interaction,mental_health,cmm4_start,matched_0.20,fixed,False,"depression,psychiatric",survivor_conditional_paired_domain_contrast,observed_living_endpoint_survivor_conditional_model,True,
cmm4_start,0.016737920927452896,0.023299008661301173,0.4725129857612659,any_domain,73016,10887,True,elsa,exclude_interval_outside_0_5_to_5y_binary_domain_interaction,mental_health,cmm4_start,matched_0.20,fixed,False,"depression,psychiatric",survivor_conditional_paired_domain_contrast,observed_living_endpoint_survivor_conditional_model,False,
"C(domain, Treatment(reference='cognitive'))[T.functional]:cmm4_start",0.31618558536698244,0.03461176969171466,6.528342796091925e-20,any_domain,73016,10887,True,elsa,exclude_interval_outside_0_5_to_5y_binary_domain_interaction,mental_health,cmm4_start,matched_0.20,fixed,False,"depression,psychiatric",survivor_conditional_paired_domain_contrast,observed_living_endpoint_survivor_conditional_model,False,
cmm4_start,0.06744813820564244,0.014236762003314203,2.1626006017913674e-06,any_domain,197654,24277,True,hrs,exclude_interval_outside_0_5_to_5y_binary_domain_interaction,mental_health,cmm4_start,matched_0.20,fixed,False,"depression,psychiatric",survivor_conditional_paired_domain_contrast,observed_living_endpoint_survivor_conditional_model,True,
"C(domain, Treatment(reference='cognitive'))[T.functional]:cmm4_start",0.2098743105316208,0.019431175518409376,3.4082180243595844e-27,any_domain,197654,24277,True,hrs,exclude_interval_outside_0_5_to_5y_binary_domain_interaction,mental_health,cmm4_start,matched_0.20,fixed,False,"depression,psychiatric",survivor_conditional_paired_domain_contrast,observed_living_endpoint_survivor_conditional_model,True,
cmm4_start,0.027372708664081962,0.03345103298069839,0.413190541600742,any_domain,39658,7021,True,klosa,exclude_interval_outside_0_5_to_5y_binary_domain_interaction,mental_health,cmm4_start,matched_0.20,fixed,False,"depression,psychiatric",survivor_conditional_paired_domain_contrast,observed_living_endpoint_survivor_conditional_model,True,
"C(domain, Treatment(reference='cognitive'))[T.functional]:cmm4_start",0.19751758427870533,0.053507506072296845,0.00022302346755939553,any_domain,39658,7021,True,klosa,exclude_interval_outside_0_5_to_5y_binary_domain_interaction,mental_health,cmm4_start,matched_0.20,fixed,False,"depression,psychiatric",survivor_conditional_paired_domain_contrast,observed_living_endpoint_survivor_conditional_model,True,
cmm4_start,-0.035737747422542966,0.03785615217988446,0.3451488636651777,any_domain,28214,9298,True,mhas,exclude_interval_outside_0_5_to_5y_binary_domain_interaction,mental_health,cmm4_start,matched_0.20,fixed,False,depression,survivor_conditional_paired_domain_contrast,observed_living_endpoint_survivor_conditional_model,True,
"C(domain, Treatment(reference='cognitive'))[T.functional]:cmm4_start",0.38923107583682537,0.049059067974850004,2.123225159350459e-15,any_domain,28214,9298,True,mhas,exclude_interval_outside_0_5_to_5y_binary_domain_interaction,mental_health,cmm4_start,matched_0.20,fixed,False,depression,survivor_conditional_paired_domain_contrast,observed_living_endpoint_survivor_conditional_model,True,
cmm4_start,0.031734753403471205,0.017463918842555423,0.06919245438850212,any_domain,143350,43519,True,share,exclude_interval_outside_0_5_to_5y_binary_domain_interaction,mental_health,cmm4_start,matched_0.20,fixed,False,"depression,psychiatric",survivor_conditional_paired_domain_contrast,observed_living_endpoint_survivor_conditional_model,True,
"C(domain, Treatment(reference='cognitive'))[T.functional]:cmm4_start",0.2543173959424575,0.02308409945664072,3.1644931356200246e-28,any_domain,143350,43519,True,share,exclude_interval_outside_0_5_to_5y_binary_domain_interaction,mental_health,cmm4_start,matched_0.20,fixed,False,"depression,psychiatric",survivor_conditional_paired_domain_contrast,observed_living_endpoint_survivor_conditional_model,True,
cmm4_change_raw[cognitive],0.0209229802523419,0.0102279318365101,0.0407887825273229,stacked_worsening,34823,15119,True,charls,exclude_elsa_continuous_domain_interaction,mental_health,cmm4_change_raw,continuous,fixed,False,"depression,psychiatric",paired_observed_interval_domain_contrast,not_applicable_to_observed_interval_change,True,34823.0
cmm4_change_raw[functional],0.0937325934310499,0.0109524892796141,1.1473419332594274e-17,stacked_worsening,34823,15119,True,charls,exclude_elsa_continuous_domain_interaction,mental_health,cmm4_change_raw,continuous,fixed,False,"depression,psychiatric",paired_observed_interval_domain_contrast,not_applicable_to_observed_interval_change,True,34823.0
cmm4_change_raw[functional-minus-cognitive],0.0728096131787079,0.014026343003407,2.0925842846113977e-07,stacked_worsening,34823,15119,True,charls,exclude_elsa_continuous_domain_interaction,mental_health,cmm4_change_raw,continuous,fixed,False,"depression,psychiatric",paired_observed_interval_domain_contrast,not_applicable_to_observed_interval_change,True,34823.0
cmm4_change_raw[cognitive],0.0417332400734996,0.0055747046973907,7.090739807408865e-14,stacked_worsening,138775,29302,True,hrs,exclude_elsa_continuous_domain_interaction,mental_health,cmm4_change_raw,continuous,fixed,False,"depression,psychiatric",paired_observed_interval_domain_contrast,not_applicable_to_observed_interval_change,True,138775.0
cmm4_change_raw[functional],0.0851084152891317,0.0056117240705898,5.9225195765732986e-52,stacked_worsening,138775,29302,True,hrs,exclude_elsa_continuous_domain_interaction,mental_health,cmm4_change_raw,continuous,fixed,False,"depression,psychiatric",paired_observed_interval_domain_contrast,not_applicable_to_observed_interval_change,True,138775.0
cmm4_change_raw[functional-minus-cognitive],0.043375175215632,0.0073428179584715,3.480629591316064e-09,stacked_worsening,138775,29302,True,hrs,exclude_elsa_continuous_domain_interaction,mental_health,cmm4_change_raw,continuous,fixed,False,"depression,psychiatric",paired_observed_interval_domain_contrast,not_applicable_to_observed_interval_change,True,138775.0
cmm4_change_raw[cognitive],0.0783624233912184,0.017010027010392,4.088400469436111e-06,stacked_worsening,25994,8144,True,klosa,exclude_elsa_continuous_domain_interaction,mental_health,cmm4_change_raw,continuous,fixed,False,"depression,psychiatric",paired_observed_interval_domain_contrast,not_applicable_to_observed_interval_change,True,25994.0
cmm4_change_raw[functional],0.1178565606100446,0.021049616976127,2.1560626170083617e-08,stacked_worsening,25994,8144,True,klosa,exclude_elsa_continuous_domain_interaction,mental_health,cmm4_change_raw,continuous,fixed,False,"depression,psychiatric",paired_observed_interval_domain_contrast,not_applicable_to_observed_interval_change,True,25994.0
cmm4_change_raw[functional-minus-cognitive],0.0394941372188262,0.0203970585873295,0.0528350936458931,stacked_worsening,25994,8144,True,klosa,exclude_elsa_continuous_domain_interaction,mental_health,cmm4_change_raw,continuous,fixed,False,"depression,psychiatric",paired_observed_interval_domain_contrast,not_applicable_to_observed_interval_change,True,25994.0
cmm4_change_raw[cognitive],0.0545542436203963,0.0124796232599067,1.2341530428571364e-05,stacked_worsening,20047,11961,True,mhas,exclude_elsa_continuous_domain_interaction,mental_health,cmm4_change_raw,continuous,fixed,False,depression,paired_observed_interval_domain_contrast,not_applicable_to_observed_interval_change,True,20047.0
cmm4_change_raw[functional],0.1389930427756762,0.0209308842345688,3.124682537203349e-11,stacked_worsening,20047,11961,True,mhas,exclude_elsa_continuous_domain_interaction,mental_health,cmm4_change_raw,continuous,fixed,False,depression,paired_observed_interval_domain_contrast,not_applicable_to_observed_interval_change,True,20047.0
cmm4_change_raw[functional-minus-cognitive],0.0844387991552799,0.0229482919078237,0.0002336693666076,stacked_worsening,20047,11961,True,mhas,exclude_elsa_continuous_domain_interaction,mental_health,cmm4_change_raw,continuous,fixed,False,depression,paired_observed_interval_domain_contrast,not_applicable_to_observed_interval_change,True,20047.0
cmm4_change_raw[cognitive],0.0611567577449048,0.0060834278777511,8.910393910624988e-24,stacked_worsening,96783,54824,True,share,exclude_elsa_continuous_domain_interaction,mental_health,cmm4_change_raw,continuous,fixed,False,"depression,psychiatric",paired_observed_interval_domain_contrast,not_applicable_to_observed_interval_change,True,96783.0
cmm4_change_raw[functional],0.0966161289083399,0.006905531768574,1.7660667050677017e-44,stacked_worsening,96783,54824,True,share,exclude_elsa_continuous_domain_interaction,mental_health,cmm4_change_raw,continuous,fixed,False,"depression,psychiatric",paired_observed_interval_domain_contrast,not_applicable_to_observed_interval_change,True,96783.0
cmm4_change_raw[functional-minus-cognitive],0.0354593711634351,0.0084132691329413,2.501149385595479e-05,stacked_worsening,96783,54824,True,share,exclude_elsa_continuous_domain_interaction,mental_health,cmm4_change_raw,continuous,fixed,False,"depression,psychiatric",paired_observed_interval_domain_contrast,not_applicable_to_observed_interval_change,True,96783.0
cmm4_start,-0.0977546154765599,0.0308280429950137,0.0015193395484664,any_cognitive,25179,12204,True,charls,exclude_elsa_transition_gee,mental_health,cmm4_start,matched_0.20,fixed,False,"depression,psychiatric",survivor_conditional_domain_transition,observed_living_endpoint_survivor_conditional_model,True,
cmm4_start,0.2307749924678283,0.0249052333024757,1.9303243419668643e-20,any_functional,25179,12204,True,charls,exclude_elsa_transition_gee,mental_health,cmm4_start,matched_0.20,fixed,False,"depression,psychiatric",survivor_conditional_domain_transition,observed_living_endpoint_survivor_conditional_model,True,
cmm4_start,0.0674483048697006,0.0142368092585363,2.1626434740365853e-06,any_cognitive,98829,24278,True,hrs,exclude_elsa_transition_gee,mental_health,cmm4_start,matched_0.20,fixed,False,"depression,psychiatric",survivor_conditional_domain_transition,observed_living_endpoint_survivor_conditional_model,True,
cmm4_start,0.2773245459189828,0.0146087967946854,2.339813019464321e-80,any_functional,98829,24278,True,hrs,exclude_elsa_transition_gee,mental_health,cmm4_start,matched_0.20,fixed,False,"depression,psychiatric",survivor_conditional_domain_transition,observed_living_endpoint_survivor_conditional_model,True,
cmm4_start,0.0273727086640823,0.0334512536908234,0.4131936237735129,any_cognitive,19829,7021,True,klosa,exclude_elsa_transition_gee,mental_health,cmm4_start,matched_0.20,fixed,False,"depression,psychiatric",survivor_conditional_domain_transition,observed_living_endpoint_survivor_conditional_model,True,
cmm4_start,0.2248902929427871,0.0454447847164673,7.473033339504803e-07,any_functional,19829,7021,True,klosa,exclude_elsa_transition_gee,mental_health,cmm4_start,matched_0.20,fixed,False,"depression,psychiatric",survivor_conditional_domain_transition,observed_living_endpoint_survivor_conditional_model,True,
cmm4_start,-0.0357377474225433,0.037855836668627,0.3451448431031524,any_cognitive,14107,9298,True,mhas,exclude_elsa_transition_gee,mental_health,cmm4_start,matched_0.20,fixed,False,depression,survivor_conditional_domain_transition,observed_living_endpoint_survivor_conditional_model,True,
cmm4_start,0.3534933284142826,0.0330558975247234,1.0881300184701431e-26,any_functional,14107,9298,True,mhas,exclude_elsa_transition_gee,mental_health,cmm4_start,matched_0.20,fixed,False,depression,survivor_conditional_domain_transition,observed_living_endpoint_survivor_conditional_model,True,
cmm4_start,0.0317347534034679,0.0174633155517923,0.069182845517704,any_cognitive,71675,43519,True,share,exclude_elsa_transition_gee,mental_health,cmm4_start,matched_0.20,fixed,False,"depression,psychiatric",survivor_conditional_domain_transition,observed_living_endpoint_survivor_conditional_model,True,
cmm4_start,0.2860521493459287,0.0165177991112751,3.4523351892216966e-67,any_functional,71675,43519,True,share,exclude_elsa_transition_gee,mental_health,cmm4_start,matched_0.20,fixed,False,"depression,psychiatric",survivor_conditional_domain_transition,observed_living_endpoint_survivor_conditional_model,True,
cmm4_start,-0.09775461547656,0.0308280429950162,0.0015193395484678,any_domain,50358,12204,True,charls,exclude_elsa_binary_domain_interaction,mental_health,cmm4_start,matched_0.20,fixed,False,"depression,psychiatric",survivor_conditional_paired_domain_contrast,observed_living_endpoint_survivor_conditional_model,True,
"C(domain, Treatment(reference='cognitive'))[T.functional]:cmm4_start",0.3285296079443881,0.0379488013834818,4.835783454066528e-18,any_domain,50358,12204,True,charls,exclude_elsa_binary_domain_interaction,mental_health,cmm4_start,matched_0.20,fixed,False,"depression,psychiatric",survivor_conditional_paired_domain_contrast,observed_living_endpoint_survivor_conditional_model,True,
cmm4_start,0.0674483048697001,0.014236809258536,2.162643474035874e-06,any_domain,197658,24278,True,hrs,exclude_elsa_binary_domain_interaction,mental_health,cmm4_start,matched_0.20,fixed,False,"depression,psychiatric",survivor_conditional_paired_domain_contrast,observed_living_endpoint_survivor_conditional_model,True,
"C(domain, Treatment(reference='cognitive'))[T.functional]:cmm4_start",0.2098762410492825,0.0194312984120015,3.4070659291446354e-27,any_domain,197658,24278,True,hrs,exclude_elsa_binary_domain_interaction,mental_health,cmm4_start,matched_0.20,fixed,False,"depression,psychiatric",survivor_conditional_paired_domain_contrast,observed_living_endpoint_survivor_conditional_model,True,
cmm4_start,0.0273727086640819,0.0334510329806983,0.413190541600742,any_domain,39658,7021,True,klosa,exclude_elsa_binary_domain_interaction,mental_health,cmm4_start,matched_0.20,fixed,False,"depression,psychiatric",survivor_conditional_paired_domain_contrast,observed_living_endpoint_survivor_conditional_model,True,
"C(domain, Treatment(reference='cognitive'))[T.functional]:cmm4_start",0.1975175842787053,0.0535075060722968,0.0002230234675593,any_domain,39658,7021,True,klosa,exclude_elsa_binary_domain_interaction,mental_health,cmm4_start,matched_0.20,fixed,False,"depression,psychiatric",survivor_conditional_paired_domain_contrast,observed_living_endpoint_survivor_conditional_model,True,
cmm4_start,-0.0357377474225429,0.0378561521798844,0.3451488636651777,any_domain,28214,9298,True,mhas,exclude_elsa_binary_domain_interaction,mental_health,cmm4_start,matched_0.20,fixed,False,depression,survivor_conditional_paired_domain_contrast,observed_living_endpoint_survivor_conditional_model,True,
"C(domain, Treatment(reference='cognitive'))[T.functional]:cmm4_start",0.3892310758368253,0.04905906797485,2.123225159350459e-15,any_domain,28214,9298,True,mhas,exclude_elsa_binary_domain_interaction,mental_health,cmm4_start,matched_0.20,fixed,False,depression,survivor_conditional_paired_domain_contrast,observed_living_endpoint_survivor_conditional_model,True,
cmm4_start,0.0317347534034712,0.0174639188425554,0.0691924543885021,any_domain,143350,43519,True,share,exclude_elsa_binary_domain_interaction,mental_health,cmm4_start,matched_0.20,fixed,False,"depression,psychiatric",survivor_conditional_paired_domain_contrast,observed_living_endpoint_survivor_conditional_model,True,
"C(domain, Treatment(reference='cognitive'))[T.functional]:cmm4_start",0.2543173959424575,0.0230840994566407,3.1644931356200246e-28,any_domain,143350,43519,True,share,exclude_elsa_binary_domain_interaction,mental_health,cmm4_start,matched_0.20,fixed,False,"depression,psychiatric",survivor_conditional_paired_domain_contrast,observed_living_endpoint_survivor_conditional_model,True,
cmm4_change_raw[cognitive],0.0209229802523419,0.0102279318365101,0.0407887825273229,stacked_worsening,34823,15119,True,charls,exclude_klosa_continuous_domain_interaction,mental_health,cmm4_change_raw,continuous,fixed,False,"depression,psychiatric",paired_observed_interval_domain_contrast,not_applicable_to_observed_interval_change,True,34823.0
cmm4_change_raw[functional],0.0937325934310499,0.0109524892796141,1.1473419332594274e-17,stacked_worsening,34823,15119,True,charls,exclude_klosa_continuous_domain_interaction,mental_health,cmm4_change_raw,continuous,fixed,False,"depression,psychiatric",paired_observed_interval_domain_contrast,not_applicable_to_observed_interval_change,True,34823.0
cmm4_change_raw[functional-minus-cognitive],0.0728096131787079,0.014026343003407,2.0925842846113977e-07,stacked_worsening,34823,15119,True,charls,exclude_klosa_continuous_domain_interaction,mental_health,cmm4_change_raw,continuous,fixed,False,"depression,psychiatric",paired_observed_interval_domain_contrast,not_applicable_to_observed_interval_change,True,34823.0
cmm4_change_raw[cognitive],0.025158179868746,0.0128144563211702,0.0496153331626739,stacked_worsening,45140,11322,True,elsa,exclude_klosa_continuous_domain_interaction,mental_health,cmm4_change_raw,continuous,fixed,False,"depression,psychiatric",paired_observed_interval_domain_contrast,not_applicable_to_observed_interval_change,False,45140.0
cmm4_change_raw[functional],0.0980099817287037,0.0144821492613159,1.3089939791287026e-11,stacked_worsening,45140,11322,True,elsa,exclude_klosa_continuous_domain_interaction,mental_health,cmm4_change_raw,continuous,fixed,False,"depression,psychiatric",paired_observed_interval_domain_contrast,not_applicable_to_observed_interval_change,False,45140.0
cmm4_change_raw[functional-minus-cognitive],0.0728518018599576,0.0180586887672057,5.479587828521614e-05,stacked_worsening,45140,11322,True,elsa,exclude_klosa_continuous_domain_interaction,mental_health,cmm4_change_raw,continuous,fixed,False,"depression,psychiatric",paired_observed_interval_domain_contrast,not_applicable_to_observed_interval_change,False,45140.0
cmm4_change_raw[cognitive],0.0417332400734996,0.0055747046973907,7.090739807408865e-14,stacked_worsening,138775,29302,True,hrs,exclude_klosa_continuous_domain_interaction,mental_health,cmm4_change_raw,continuous,fixed,False,"depression,psychiatric",paired_observed_interval_domain_contrast,not_applicable_to_observed_interval_change,True,138775.0
cmm4_change_raw[functional],0.0851084152891317,0.0056117240705898,5.9225195765732986e-52,stacked_worsening,138775,29302,True,hrs,exclude_klosa_continuous_domain_interaction,mental_health,cmm4_change_raw,continuous,fixed,False,"depression,psychiatric",paired_observed_interval_domain_contrast,not_applicable_to_observed_interval_change,True,138775.0
cmm4_change_raw[functional-minus-cognitive],0.043375175215632,0.0073428179584715,3.480629591316064e-09,stacked_worsening,138775,29302,True,hrs,exclude_klosa_continuous_domain_interaction,mental_health,cmm4_change_raw,continuous,fixed,False,"depression,psychiatric",paired_observed_interval_domain_contrast,not_applicable_to_observed_interval_change,True,138775.0
cmm4_change_raw[cognitive],0.0545542436203963,0.0124796232599067,1.2341530428571364e-05,stacked_worsening,20047,11961,True,mhas,exclude_klosa_continuous_domain_interaction,mental_health,cmm4_change_raw,continuous,fixed,False,depression,paired_observed_interval_domain_contrast,not_applicable_to_observed_interval_change,True,20047.0
cmm4_change_raw[functional],0.1389930427756762,0.0209308842345688,3.124682537203349e-11,stacked_worsening,20047,11961,True,mhas,exclude_klosa_continuous_domain_interaction,mental_health,cmm4_change_raw,continuous,fixed,False,depression,paired_observed_interval_domain_contrast,not_applicable_to_observed_interval_change,True,20047.0
cmm4_change_raw[functional-minus-cognitive],0.0844387991552799,0.0229482919078237,0.0002336693666076,stacked_worsening,20047,11961,True,mhas,exclude_klosa_continuous_domain_interaction,mental_health,cmm4_change_raw,continuous,fixed,False,depression,paired_observed_interval_domain_contrast,not_applicable_to_observed_interval_change,True,20047.0
cmm4_change_raw[cognitive],0.0611567577449048,0.0060834278777511,8.910393910624988e-24,stacked_worsening,96783,54824,True,share,exclude_klosa_continuous_domain_interaction,mental_health,cmm4_change_raw,continuous,fixed,False,"depression,psychiatric",paired_observed_interval_domain_contrast,not_applicable_to_observed_interval_change,True,96783.0
cmm4_change_raw[functional],0.0966161289083399,0.006905531768574,1.7660667050677017e-44,stacked_worsening,96783,54824,True,share,exclude_klosa_continuous_domain_interaction,mental_health,cmm4_change_raw,continuous,fixed,False,"depression,psychiatric",paired_observed_interval_domain_contrast,not_applicable_to_observed_interval_change,True,96783.0
cmm4_change_raw[functional-minus-cognitive],0.0354593711634351,0.0084132691329413,2.501149385595479e-05,stacked_worsening,96783,54824,True,share,exclude_klosa_continuous_domain_interaction,mental_health,cmm4_change_raw,continuous,fixed,False,"depression,psychiatric",paired_observed_interval_domain_contrast,not_applicable_to_observed_interval_change,True,96783.0
cmm4_start,-0.0977546154765599,0.0308280429950137,0.0015193395484664,any_cognitive,25179,12204,True,charls,exclude_klosa_transition_gee,mental_health,cmm4_start,matched_0.20,fixed,False,"depression,psychiatric",survivor_conditional_domain_transition,observed_living_endpoint_survivor_conditional_model,True,
cmm4_start,0.2307749924678283,0.0249052333024757,1.9303243419668643e-20,any_functional,25179,12204,True,charls,exclude_klosa_transition_gee,mental_health,cmm4_start,matched_0.20,fixed,False,"depression,psychiatric",survivor_conditional_domain_transition,observed_living_endpoint_survivor_conditional_model,True,
cmm4_start,0.0167379209274534,0.0232990086613019,0.4725129857612661,any_cognitive,36508,10887,True,elsa,exclude_klosa_transition_gee,mental_health,cmm4_start,matched_0.20,fixed,False,"depression,psychiatric",survivor_conditional_domain_transition,observed_living_endpoint_survivor_conditional_model,False,
cmm4_start,0.3329235062944355,0.0266873450903701,1.0226024365617552e-35,any_functional,36508,10887,True,elsa,exclude_klosa_transition_gee,mental_health,cmm4_start,matched_0.20,fixed,False,"depression,psychiatric",survivor_conditional_domain_transition,observed_living_endpoint_survivor_conditional_model,False,
cmm4_start,0.0674483048697006,0.0142368092585363,2.1626434740365853e-06,any_cognitive,98829,24278,True,hrs,exclude_klosa_transition_gee,mental_health,cmm4_start,matched_0.20,fixed,False,"depression,psychiatric",survivor_conditional_domain_transition,observed_living_endpoint_survivor_conditional_model,True,
cmm4_start,0.2773245459189828,0.0146087967946854,2.339813019464321e-80,any_functional,98829,24278,True,hrs,exclude_klosa_transition_gee,mental_health,cmm4_start,matched_0.20,fixed,False,"depression,psychiatric",survivor_conditional_domain_transition,observed_living_endpoint_survivor_conditional_model,True,
cmm4_start,-0.0357377474225433,0.037855836668627,0.3451448431031524,any_cognitive,14107,9298,True,mhas,exclude_klosa_transition_gee,mental_health,cmm4_start,matched_0.20,fixed,False,depression,survivor_conditional_domain_transition,observed_living_endpoint_survivor_conditional_model,True,
cmm4_start,0.3534933284142826,0.0330558975247234,1.0881300184701431e-26,any_functional,14107,9298,True,mhas,exclude_klosa_transition_gee,mental_health,cmm4_start,matched_0.20,fixed,False,depression,survivor_conditional_domain_transition,observed_living_endpoint_survivor_conditional_model,True,
cmm4_start,0.0317347534034679,0.0174633155517923,0.069182845517704,any_cognitive,71675,43519,True,share,exclude_klosa_transition_gee,mental_health,cmm4_start,matched_0.20,fixed,False,"depression,psychiatric",survivor_conditional_domain_transition,observed_living_endpoint_survivor_conditional_model,True,
cmm4_start,0.2860521493459287,0.0165177991112751,3.4523351892216966e-67,any_functional,71675,43519,True,share,exclude_klosa_transition_gee,mental_health,cmm4_start,matched_0.20,fixed,False,"depression,psychiatric",survivor_conditional_domain_transition,observed_living_endpoint_survivor_conditional_model,True,
cmm4_start,-0.09775461547656,0.0308280429950162,0.0015193395484678,any_domain,50358,12204,True,charls,exclude_klosa_binary_domain_interaction,mental_health,cmm4_start,matched_0.20,fixed,False,"depression,psychiatric",survivor_conditional_paired_domain_contrast,observed_living_endpoint_survivor_conditional_model,True,
"C(domain, Treatment(reference='cognitive'))[T.functional]:cmm4_start",0.3285296079443881,0.0379488013834818,4.835783454066528e-18,any_domain,50358,12204,True,charls,exclude_klosa_binary_domain_interaction,mental_health,cmm4_start,matched_0.20,fixed,False,"depression,psychiatric",survivor_conditional_paired_domain_contrast,observed_living_endpoint_survivor_conditional_model,True,
cmm4_start,0.0167379209274528,0.0232990086613011,0.4725129857612659,any_domain,73016,10887,True,elsa,exclude_klosa_binary_domain_interaction,mental_health,cmm4_start,matched_0.20,fixed,False,"depression,psychiatric",survivor_conditional_paired_domain_contrast,observed_living_endpoint_survivor_conditional_model,False,
"C(domain, Treatment(reference='cognitive'))[T.functional]:cmm4_start",0.3161855853669824,0.0346117696917146,6.528342796091925e-20,any_domain,73016,10887,True,elsa,exclude_klosa_binary_domain_interaction,mental_health,cmm4_start,matched_0.20,fixed,False,"depression,psychiatric",survivor_conditional_paired_domain_contrast,observed_living_endpoint_survivor_conditional_model,False,
cmm4_start,0.0674483048697001,0.014236809258536,2.162643474035874e-06,any_domain,197658,24278,True,hrs,exclude_klosa_binary_domain_interaction,mental_health,cmm4_start,matched_0.20,fixed,False,"depression,psychiatric",survivor_conditional_paired_domain_contrast,observed_living_endpoint_survivor_conditional_model,True,
"C(domain, Treatment(reference='cognitive'))[T.functional]:cmm4_start",0.2098762410492825,0.0194312984120015,3.4070659291446354e-27,any_domain,197658,24278,True,hrs,exclude_klosa_binary_domain_interaction,mental_health,cmm4_start,matched_0.20,fixed,False,"depression,psychiatric",survivor_conditional_paired_domain_contrast,observed_living_endpoint_survivor_conditional_model,True,
cmm4_start,-0.0357377474225429,0.0378561521798844,0.3451488636651777,any_domain,28214,9298,True,mhas,exclude_klosa_binary_domain_interaction,mental_health,cmm4_start,matched_0.20,fixed,False,depression,survivor_conditional_paired_domain_contrast,observed_living_endpoint_survivor_conditional_model,True,
"C(domain, Treatment(reference='cognitive'))[T.functional]:cmm4_start",0.3892310758368253,0.04905906797485,2.123225159350459e-15,any_domain,28214,9298,True,mhas,exclude_klosa_binary_domain_interaction,mental_health,cmm4_start,matched_0.20,fixed,False,depression,survivor_conditional_paired_domain_contrast,observed_living_endpoint_survivor_conditional_model,True,
cmm4_start,0.0317347534034712,0.0174639188425554,0.0691924543885021,any_domain,143350,43519,True,share,exclude_klosa_binary_domain_interaction,mental_health,cmm4_start,matched_0.20,fixed,False,"depression,psychiatric",survivor_conditional_paired_domain_contrast,observed_living_endpoint_survivor_conditional_model,True,
"C(domain, Treatment(reference='cognitive'))[T.functional]:cmm4_start",0.2543173959424575,0.0230840994566407,3.1644931356200246e-28,any_domain,143350,43519,True,share,exclude_klosa_binary_domain_interaction,mental_health,cmm4_start,matched_0.20,fixed,False,"depression,psychiatric",survivor_conditional_paired_domain_contrast,observed_living_endpoint_survivor_conditional_model,True,
cmm4_change_raw[cognitive],0.0209229802523419,0.0102279318365101,0.0407887825273229,stacked_worsening,34823,15119,True,charls,klosa_adl_only_continuous_domain_interaction,mental_health,cmm4_change_raw,continuous,fixed,False,"depression,psychiatric",paired_observed_interval_domain_contrast,not_applicable_to_observed_interval_change,True,34823.0
cmm4_change_raw[functional],0.0937325934310499,0.0109524892796141,1.1473419332594274e-17,stacked_worsening,34823,15119,True,charls,klosa_adl_only_continuous_domain_interaction,mental_health,cmm4_change_raw,continuous,fixed,False,"depression,psychiatric",paired_observed_interval_domain_contrast,not_applicable_to_observed_interval_change,True,34823.0
cmm4_change_raw[functional-minus-cognitive],0.0728096131787079,0.014026343003407,2.0925842846113977e-07,stacked_worsening,34823,15119,True,charls,klosa_adl_only_continuous_domain_interaction,mental_health,cmm4_change_raw,continuous,fixed,False,"depression,psychiatric",paired_observed_interval_domain_contrast,not_applicable_to_observed_interval_change,True,34823.0
cmm4_change_raw[cognitive],0.025158179868746,0.0128144563211702,0.0496153331626739,stacked_worsening,45140,11322,True,elsa,klosa_adl_only_continuous_domain_interaction,mental_health,cmm4_change_raw,continuous,fixed,False,"depression,psychiatric",paired_observed_interval_domain_contrast,not_applicable_to_observed_interval_change,False,45140.0
cmm4_change_raw[functional],0.0980099817287037,0.0144821492613159,1.3089939791287026e-11,stacked_worsening,45140,11322,True,elsa,klosa_adl_only_continuous_domain_interaction,mental_health,cmm4_change_raw,continuous,fixed,False,"depression,psychiatric",paired_observed_interval_domain_contrast,not_applicable_to_observed_interval_change,False,45140.0
cmm4_change_raw[functional-minus-cognitive],0.0728518018599576,0.0180586887672057,5.479587828521614e-05,stacked_worsening,45140,11322,True,elsa,klosa_adl_only_continuous_domain_interaction,mental_health,cmm4_change_raw,continuous,fixed,False,"depression,psychiatric",paired_observed_interval_domain_contrast,not_applicable_to_observed_interval_change,False,45140.0
cmm4_change_raw[cognitive],0.0417332400734996,0.0055747046973907,7.090739807408865e-14,stacked_worsening,138775,29302,True,hrs,klosa_adl_only_continuous_domain_interaction,mental_health,cmm4_change_raw,continuous,fixed,False,"depression,psychiatric",paired_observed_interval_domain_contrast,not_applicable_to_observed_interval_change,True,138775.0
cmm4_change_raw[functional],0.0851084152891317,0.0056117240705898,5.9225195765732986e-52,stacked_worsening,138775,29302,True,hrs,klosa_adl_only_continuous_domain_interaction,mental_health,cmm4_change_raw,continuous,fixed,False,"depression,psychiatric",paired_observed_interval_domain_contrast,not_applicable_to_observed_interval_change,True,138775.0
cmm4_change_raw[functional-minus-cognitive],0.043375175215632,0.0073428179584715,3.480629591316064e-09,stacked_worsening,138775,29302,True,hrs,klosa_adl_only_continuous_domain_interaction,mental_health,cmm4_change_raw,continuous,fixed,False,"depression,psychiatric",paired_observed_interval_domain_contrast,not_applicable_to_observed_interval_change,True,138775.0
cmm4_change_raw[cognitive],0.0545542436203963,0.0124796232599067,1.2341530428571364e-05,stacked_worsening,20047,11961,True,mhas,klosa_adl_only_continuous_domain_interaction,mental_health,cmm4_change_raw,continuous,fixed,False,depression,paired_observed_interval_domain_contrast,not_applicable_to_observed_interval_change,True,20047.0
cmm4_change_raw[functional],0.1389930427756762,0.0209308842345688,3.124682537203349e-11,stacked_worsening,20047,11961,True,mhas,klosa_adl_only_continuous_domain_interaction,mental_health,cmm4_change_raw,continuous,fixed,False,depression,paired_observed_interval_domain_contrast,not_applicable_to_observed_interval_change,True,20047.0
cmm4_change_raw[functional-minus-cognitive],0.0844387991552799,0.0229482919078237,0.0002336693666076,stacked_worsening,20047,11961,True,mhas,klosa_adl_only_continuous_domain_interaction,mental_health,cmm4_change_raw,continuous,fixed,False,depression,paired_observed_interval_domain_contrast,not_applicable_to_observed_interval_change,True,20047.0
cmm4_change_raw[cognitive],0.0611567577449048,0.0060834278777511,8.910393910624988e-24,stacked_worsening,96783,54824,True,share,klosa_adl_only_continuous_domain_interaction,mental_health,cmm4_change_raw,continuous,fixed,False,"depression,psychiatric",paired_observed_interval_domain_contrast,not_applicable_to_observed_interval_change,True,96783.0
cmm4_change_raw[functional],0.0966161289083399,0.006905531768574,1.7660667050677017e-44,stacked_worsening,96783,54824,True,share,klosa_adl_only_continuous_domain_interaction,mental_health,cmm4_change_raw,continuous,fixed,False,"depression,psychiatric",paired_observed_interval_domain_contrast,not_applicable_to_observed_interval_change,True,96783.0
cmm4_change_raw[functional-minus-cognitive],0.0354593711634351,0.0084132691329413,2.501149385595479e-05,stacked_worsening,96783,54824,True,share,klosa_adl_only_continuous_domain_interaction,mental_health,cmm4_change_raw,continuous,fixed,False,"depression,psychiatric",paired_observed_interval_domain_contrast,not_applicable_to_observed_interval_change,True,96783.0
cmm4_start,-0.0977546154765599,0.0308280429950137,0.0015193395484664,any_cognitive,25179,12204,True,charls,klosa_adl_only_transition_gee,mental_health,cmm4_start,matched_0.20,fixed,False,"depression,psychiatric",survivor_conditional_domain_transition,observed_living_endpoint_survivor_conditional_model,True,
cmm4_start,0.2307749924678283,0.0249052333024757,1.9303243419668643e-20,any_functional,25179,12204,True,charls,klosa_adl_only_transition_gee,mental_health,cmm4_start,matched_0.20,fixed,False,"depression,psychiatric",survivor_conditional_domain_transition,observed_living_endpoint_survivor_conditional_model,True,
cmm4_start,0.0167379209274534,0.0232990086613019,0.4725129857612661,any_cognitive,36508,10887,True,elsa,klosa_adl_only_transition_gee,mental_health,cmm4_start,matched_0.20,fixed,False,"depression,psychiatric",survivor_conditional_domain_transition,observed_living_endpoint_survivor_conditional_model,False,
cmm4_start,0.3329235062944355,0.0266873450903701,1.0226024365617552e-35,any_functional,36508,10887,True,elsa,klosa_adl_only_transition_gee,mental_health,cmm4_start,matched_0.20,fixed,False,"depression,psychiatric",survivor_conditional_domain_transition,observed_living_endpoint_survivor_conditional_model,False,
cmm4_start,0.0674483048697006,0.0142368092585363,2.1626434740365853e-06,any_cognitive,98829,24278,True,hrs,klosa_adl_only_transition_gee,mental_health,cmm4_start,matched_0.20,fixed,False,"depression,psychiatric",survivor_conditional_domain_transition,observed_living_endpoint_survivor_conditional_model,True,
cmm4_start,0.2773245459189828,0.0146087967946854,2.339813019464321e-80,any_functional,98829,24278,True,hrs,klosa_adl_only_transition_gee,mental_health,cmm4_start,matched_0.20,fixed,False,"depression,psychiatric",survivor_conditional_domain_transition,observed_living_endpoint_survivor_conditional_model,True,
cmm4_start,-0.0357377474225433,0.037855836668627,0.3451448431031524,any_cognitive,14107,9298,True,mhas,klosa_adl_only_transition_gee,mental_health,cmm4_start,matched_0.20,fixed,False,depression,survivor_conditional_domain_transition,observed_living_endpoint_survivor_conditional_model,True,
cmm4_start,0.3534933284142826,0.0330558975247234,1.0881300184701431e-26,any_functional,14107,9298,True,mhas,klosa_adl_only_transition_gee,mental_health,cmm4_start,matched_0.20,fixed,False,depression,survivor_conditional_domain_transition,observed_living_endpoint_survivor_conditional_model,True,
cmm4_start,0.0317347534034679,0.0174633155517923,0.069182845517704,any_cognitive,71675,43519,True,share,klosa_adl_only_transition_gee,mental_health,cmm4_start,matched_0.20,fixed,False,"depression,psychiatric",survivor_conditional_domain_transition,observed_living_endpoint_survivor_conditional_model,True,
cmm4_start,0.2860521493459287,0.0165177991112751,3.4523351892216966e-67,any_functional,71675,43519,True,share,klosa_adl_only_transition_gee,mental_health,cmm4_start,matched_0.20,fixed,False,"depression,psychiatric",survivor_conditional_domain_transition,observed_living_endpoint_survivor_conditional_model,True,
cmm4_start,-0.09775461547656,0.0308280429950162,0.0015193395484678,any_domain,50358,12204,True,charls,klosa_adl_only_binary_domain_interaction,mental_health,cmm4_start,matched_0.20,fixed,False,"depression,psychiatric",survivor_conditional_paired_domain_contrast,observed_living_endpoint_survivor_conditional_model,True,
"C(domain, Treatment(reference='cognitive'))[T.functional]:cmm4_start",0.3285296079443881,0.0379488013834818,4.835783454066528e-18,any_domain,50358,12204,True,charls,klosa_adl_only_binary_domain_interaction,mental_health,cmm4_start,matched_0.20,fixed,False,"depression,psychiatric",survivor_conditional_paired_domain_contrast,observed_living_endpoint_survivor_conditional_model,True,
cmm4_start,0.0167379209274528,0.0232990086613011,0.4725129857612659,any_domain,73016,10887,True,elsa,klosa_adl_only_binary_domain_interaction,mental_health,cmm4_start,matched_0.20,fixed,False,"depression,psychiatric",survivor_conditional_paired_domain_contrast,observed_living_endpoint_survivor_conditional_model,False,
"C(domain, Treatment(reference='cognitive'))[T.functional]:cmm4_start",0.3161855853669824,0.0346117696917146,6.528342796091925e-20,any_domain,73016,10887,True,elsa,klosa_adl_only_binary_domain_interaction,mental_health,cmm4_start,matched_0.20,fixed,False,"depression,psychiatric",survivor_conditional_paired_domain_contrast,observed_living_endpoint_survivor_conditional_model,False,
cmm4_start,0.0674483048697001,0.014236809258536,2.162643474035874e-06,any_domain,197658,24278,True,hrs,klosa_adl_only_binary_domain_interaction,mental_health,cmm4_start,matched_0.20,fixed,False,"depression,psychiatric",survivor_conditional_paired_domain_contrast,observed_living_endpoint_survivor_conditional_model,True,
"C(domain, Treatment(reference='cognitive'))[T.functional]:cmm4_start",0.2098762410492825,0.0194312984120015,3.4070659291446354e-27,any_domain,197658,24278,True,hrs,klosa_adl_only_binary_domain_interaction,mental_health,cmm4_start,matched_0.20,fixed,False,"depression,psychiatric",survivor_conditional_paired_domain_contrast,observed_living_endpoint_survivor_conditional_model,True,
cmm4_start,-0.0357377474225429,0.0378561521798844,0.3451488636651777,any_domain,28214,9298,True,mhas,klosa_adl_only_binary_domain_interaction,mental_health,cmm4_start,matched_0.20,fixed,False,depression,survivor_conditional_paired_domain_contrast,observed_living_endpoint_survivor_conditional_model,True,
"C(domain, Treatment(reference='cognitive'))[T.functional]:cmm4_start",0.3892310758368253,0.04905906797485,2.123225159350459e-15,any_domain,28214,9298,True,mhas,klosa_adl_only_binary_domain_interaction,mental_health,cmm4_start,matched_0.20,fixed,False,depression,survivor_conditional_paired_domain_contrast,observed_living_endpoint_survivor_conditional_model,True,
cmm4_start,0.0317347534034712,0.0174639188425554,0.0691924543885021,any_domain,143350,43519,True,share,klosa_adl_only_binary_domain_interaction,mental_health,cmm4_start,matched_0.20,fixed,False,"depression,psychiatric",survivor_conditional_paired_domain_contrast,observed_living_endpoint_survivor_conditional_model,True,
"C(domain, Treatment(reference='cognitive'))[T.functional]:cmm4_start",0.2543173959424575,0.0230840994566407,3.1644931356200246e-28,any_domain,143350,43519,True,share,klosa_adl_only_binary_domain_interaction,mental_health,cmm4_start,matched_0.20,fixed,False,"depression,psychiatric",survivor_conditional_paired_domain_contrast,observed_living_endpoint_survivor_conditional_model,True,
cmm4_start,0.030077505562669433,0.03225540884634046,0.35108880744158344,any_cognitive,21002,7249,True,klosa,klosa_adl_only_transition_gee,mental_health,cmm4_start,matched_0.20,fixed,False,"depression,psychiatric",survivor_conditional_domain_transition,observed_living_endpoint_survivor_conditional_model,True,
cmm4_start,0.33930174780442557,0.07536849344587462,6.734729405150183e-06,any_functional,21002,7249,True,klosa,klosa_adl_only_transition_gee,mental_health,cmm4_start,matched_0.20,fixed,False,"depression,psychiatric",survivor_conditional_domain_transition,observed_living_endpoint_survivor_conditional_model,True,
cmm4_change_raw[cognitive],0.07775412180661109,0.017047825436191717,5.092494919791768e-06,stacked_worsening,25996,8144,True,klosa,klosa_adl_only_continuous_domain_interaction,mental_health,cmm4_change_raw,continuous,fixed,False,"depression,psychiatric",paired_observed_interval_domain_contrast,not_applicable_to_observed_interval_change,,25996.0
cmm4_change_raw[functional],0.10554476758475381,0.021443041842963178,8.562102627139637e-07,stacked_worsening,25996,8144,True,klosa,klosa_adl_only_continuous_domain_interaction,mental_health,cmm4_change_raw,continuous,fixed,False,"depression,psychiatric",paired_observed_interval_domain_contrast,not_applicable_to_observed_interval_change,,25996.0
cmm4_change_raw[functional-minus-cognitive],0.02779064577814272,0.021550579822329878,0.19720540487110416,stacked_worsening,25996,8144,True,klosa,klosa_adl_only_continuous_domain_interaction,mental_health,cmm4_change_raw,continuous,fixed,False,"depression,psychiatric",paired_observed_interval_domain_contrast,not_applicable_to_observed_interval_change,,25996.0
cmm4_start,0.030077505562669513,0.032254611821967004,0.3510769048637672,any_domain,42004,7249,True,klosa,klosa_adl_only_binary_domain_interaction,mental_health,cmm4_start,matched_0.20,fixed,False,"depression,psychiatric",survivor_conditional_paired_domain_contrast,observed_living_endpoint_survivor_conditional_model,True,
"C(domain, Treatment(reference='cognitive'))[T.functional]:cmm4_start",0.3092242422417563,0.07628392684360874,5.0436227618174834e-05,any_domain,42004,7249,True,klosa,klosa_adl_only_binary_domain_interaction,mental_health,cmm4_start,matched_0.20,fixed,False,"depression,psychiatric",survivor_conditional_paired_domain_contrast,observed_living_endpoint_survivor_conditional_model,True,
