cohort,analysis,adjustment_set,state_definition,standardization,persistent,outcome,exposure,term,estimate,std_error,p_value,n,clusters,converged,covariates_used,estimand,death_handling,mortality_available,paired_intervals
charls,continuous_gee_fixed_unannualised,base,continuous,fixed,False,cognitive_worsening_fixed_raw,cmm4_change_raw,cmm4_change_raw,0.0351798183352909,0.0101542931063138,0.0005311656521573,35909,15477,True,,observed_interval_change,not_applicable_to_observed_interval_change,True,
charls,continuous_gee_fixed_unannualised,mental_health,continuous,fixed,False,cognitive_worsening_fixed_raw,cmm4_change_raw,cmm4_change_raw,0.0277804018035418,0.0101452057661722,0.0061761694035957,35826,15464,True,"depression,psychiatric",observed_interval_change,not_applicable_to_observed_interval_change,True,
charls,continuous_gee_fixed_unannualised,lifestyle,continuous,fixed,False,cognitive_worsening_fixed_raw,cmm4_change_raw,cmm4_change_raw,0.0337232634653807,0.0199833992425308,0.0914949709993444,8707,6375,True,"depression,psychiatric,smoking,bmi,physical_activity,alcohol",observed_interval_change,not_applicable_to_observed_interval_change,True,
charls,continuous_gee_fixed_unannualised,socioeconomic,continuous,fixed,False,cognitive_worsening_fixed_raw,cmm4_change_raw,cmm4_change_raw,0.0354434089968335,0.0223111433853484,0.1121514712661267,7200,5544,True,"depression,psychiatric,smoking,bmi,physical_activity,alcohol,wealth,marital",observed_interval_change,not_applicable_to_observed_interval_change,True,
charls,continuous_gee_fixed_unannualised,base,continuous,fixed,False,functional_worsening_fixed_raw,cmm4_change_raw,cmm4_change_raw,0.1779061390544586,0.0112187450139636,1.2389953833456896e-56,58780,21408,True,,observed_interval_change,not_applicable_to_observed_interval_change,True,
charls,continuous_gee_fixed_unannualised,mental_health,continuous,fixed,False,functional_worsening_fixed_raw,cmm4_change_raw,cmm4_change_raw,0.1674422788865455,0.0114388344624522,1.605988370536136e-48,54868,20616,True,"depression,psychiatric",observed_interval_change,not_applicable_to_observed_interval_change,True,
charls,continuous_gee_fixed_unannualised,lifestyle,continuous,fixed,False,functional_worsening_fixed_raw,cmm4_change_raw,cmm4_change_raw,0.1719090777271221,0.0226931777144516,3.5812255453347494e-14,13218,9174,True,"depression,psychiatric,smoking,bmi,physical_activity,alcohol",observed_interval_change,not_applicable_to_observed_interval_change,True,
charls,continuous_gee_fixed_unannualised,socioeconomic,continuous,fixed,False,functional_worsening_fixed_raw,cmm4_change_raw,cmm4_change_raw,0.1634541691641976,0.024266764045094,1.6311823792850564e-11,10986,8054,True,"depression,psychiatric,smoking,bmi,physical_activity,alcohol,wealth,marital",observed_interval_change,not_applicable_to_observed_interval_change,True,
elsa,continuous_gee_fixed_unannualised,base,continuous,fixed,False,cognitive_worsening_fixed_raw,cmm4_change_raw,cmm4_change_raw,0.0408581240987316,0.0129202078480588,0.001565052995857,45206,11325,True,,observed_interval_change,not_applicable_to_observed_interval_change,False,
elsa,continuous_gee_fixed_unannualised,mental_health,continuous,fixed,False,cognitive_worsening_fixed_raw,cmm4_change_raw,cmm4_change_raw,0.0320957336802104,0.0128687865237115,0.0126285444814051,45148,11323,True,"depression,psychiatric",observed_interval_change,not_applicable_to_observed_interval_change,False,
elsa,continuous_gee_fixed_unannualised,base,continuous,fixed,False,functional_worsening_fixed_raw,cmm4_change_raw,cmm4_change_raw,0.1866720386167178,0.0174478179871505,1.0302040851944664e-26,48376,11923,True,,observed_interval_change,not_applicable_to_observed_interval_change,False,
elsa,continuous_gee_fixed_unannualised,mental_health,continuous,fixed,False,functional_worsening_fixed_raw,cmm4_change_raw,cmm4_change_raw,0.1772649602224048,0.0176018575507094,7.43632261454017e-24,46567,11586,True,"depression,psychiatric",observed_interval_change,not_applicable_to_observed_interval_change,False,
hrs,continuous_gee_fixed_unannualised,base,continuous,fixed,False,cognitive_worsening_fixed_raw,cmm4_change_raw,cmm4_change_raw,0.0506650044729491,0.005289782963255,9.903950815006779e-22,154620,30671,True,,observed_interval_change,not_applicable_to_observed_interval_change,True,
hrs,continuous_gee_fixed_unannualised,mental_health,continuous,fixed,False,cognitive_worsening_fixed_raw,cmm4_change_raw,cmm4_change_raw,0.0435841863528034,0.0052725799586283,1.382995700586402e-16,154575,30667,True,"depression,psychiatric",observed_interval_change,not_applicable_to_observed_interval_change,True,
hrs,continuous_gee_fixed_unannualised,lifestyle,continuous,fixed,False,cognitive_worsening_fixed_raw,cmm4_change_raw,cmm4_change_raw,0.0403361862014319,0.0060350386308266,2.3303663212633033e-11,122474,27754,True,"depression,psychiatric,smoking,bmi,physical_activity,alcohol",observed_interval_change,not_applicable_to_observed_interval_change,True,
hrs,continuous_gee_fixed_unannualised,base,continuous,fixed,False,functional_worsening_fixed_raw,cmm4_change_raw,cmm4_change_raw,0.1601821646165888,0.0070617367855854,6.576976770482049e-114,147664,30958,True,,observed_interval_change,not_applicable_to_observed_interval_change,True,
hrs,continuous_gee_fixed_unannualised,mental_health,continuous,fixed,False,functional_worsening_fixed_raw,cmm4_change_raw,cmm4_change_raw,0.1565741844066936,0.0071544938003843,3.631331843755513e-106,141450,29907,True,"depression,psychiatric",observed_interval_change,not_applicable_to_observed_interval_change,True,
hrs,continuous_gee_fixed_unannualised,lifestyle,continuous,fixed,False,functional_worsening_fixed_raw,cmm4_change_raw,cmm4_change_raw,0.1487188310424169,0.0079552481634718,5.495447055185589e-78,112782,26885,True,"depression,psychiatric,smoking,bmi,physical_activity,alcohol",observed_interval_change,not_applicable_to_observed_interval_change,True,
klosa,continuous_gee_fixed_unannualised,base,continuous,fixed,False,cognitive_worsening_fixed_raw,cmm4_change_raw,cmm4_change_raw,0.0775884166931836,0.0171892856207083,6.368641887022887e-06,26073,8149,True,,observed_interval_change,not_applicable_to_observed_interval_change,True,
klosa,continuous_gee_fixed_unannualised,mental_health,continuous,fixed,False,cognitive_worsening_fixed_raw,cmm4_change_raw,cmm4_change_raw,0.0778156728733471,0.0170773574425277,5.197401205352731e-06,25996,8144,True,"depression,psychiatric",observed_interval_change,not_applicable_to_observed_interval_change,True,
klosa,continuous_gee_fixed_unannualised,lifestyle,continuous,fixed,False,cognitive_worsening_fixed_raw,cmm4_change_raw,cmm4_change_raw,0.0854163042178313,0.0172908261005099,7.813130038529104e-07,25436,8072,True,"depression,psychiatric,smoking,bmi,physical_activity,alcohol",observed_interval_change,not_applicable_to_observed_interval_change,True,
klosa,continuous_gee_fixed_unannualised,socioeconomic,continuous,fixed,False,cognitive_worsening_fixed_raw,cmm4_change_raw,cmm4_change_raw,0.0849619047105344,0.0173304202289418,9.46379746905024e-07,25318,8058,True,"depression,psychiatric,smoking,bmi,physical_activity,alcohol,wealth,marital",observed_interval_change,not_applicable_to_observed_interval_change,True,
klosa,continuous_gee_fixed_unannualised,base,continuous,fixed,False,functional_worsening_fixed_raw,cmm4_change_raw,cmm4_change_raw,0.1793641363963314,0.0254224652390442,1.7217917385247248e-12,28262,8451,True,,observed_interval_change,not_applicable_to_observed_interval_change,True,
klosa,continuous_gee_fixed_unannualised,mental_health,continuous,fixed,False,functional_worsening_fixed_raw,cmm4_change_raw,cmm4_change_raw,0.1765478034274707,0.0253289724780543,3.165085423722756e-12,28163,8448,True,"depression,psychiatric",observed_interval_change,not_applicable_to_observed_interval_change,True,
klosa,continuous_gee_fixed_unannualised,lifestyle,continuous,fixed,False,functional_worsening_fixed_raw,cmm4_change_raw,cmm4_change_raw,0.1837941148155482,0.0256895102128134,8.401386318674879e-13,27536,8374,True,"depression,psychiatric,smoking,bmi,physical_activity,alcohol",observed_interval_change,not_applicable_to_observed_interval_change,True,
klosa,continuous_gee_fixed_unannualised,socioeconomic,continuous,fixed,False,functional_worsening_fixed_raw,cmm4_change_raw,cmm4_change_raw,0.1843586124890872,0.0258007545762237,8.968608203120507e-13,27387,8360,True,"depression,psychiatric,smoking,bmi,physical_activity,alcohol,wealth,marital",observed_interval_change,not_applicable_to_observed_interval_change,True,
mhas,continuous_gee_fixed_unannualised,base,continuous,fixed,False,cognitive_worsening_fixed_raw,cmm4_change_raw,cmm4_change_raw,0.0619209803445029,0.0117044274452117,1.2205613006064953e-07,22586,13094,True,,observed_interval_change,not_applicable_to_observed_interval_change,True,
mhas,continuous_gee_fixed_unannualised,mental_health,continuous,fixed,False,cognitive_worsening_fixed_raw,cmm4_change_raw,cmm4_change_raw,0.0596952234293818,0.0116857664265193,3.249491532413031e-07,22585,13094,True,depression,observed_interval_change,not_applicable_to_observed_interval_change,True,
mhas,continuous_gee_fixed_unannualised,lifestyle,continuous,fixed,False,cognitive_worsening_fixed_raw,cmm4_change_raw,cmm4_change_raw,0.0630457052459077,0.012415388004046,3.8136970043656073e-07,19897,12272,True,"depression,smoking,bmi,physical_activity,alcohol",observed_interval_change,not_applicable_to_observed_interval_change,True,
mhas,continuous_gee_fixed_unannualised,base,continuous,fixed,False,functional_worsening_fixed_raw,cmm4_change_raw,cmm4_change_raw,0.1476079065017866,0.0211000923613089,2.6411714781683624e-12,20048,11961,True,,observed_interval_change,not_applicable_to_observed_interval_change,True,
mhas,continuous_gee_fixed_unannualised,mental_health,continuous,fixed,False,functional_worsening_fixed_raw,cmm4_change_raw,cmm4_change_raw,0.1425324813580648,0.0210085828857431,1.164988073812982e-11,20047,11961,True,depression,observed_interval_change,not_applicable_to_observed_interval_change,True,
mhas,continuous_gee_fixed_unannualised,lifestyle,continuous,fixed,False,functional_worsening_fixed_raw,cmm4_change_raw,cmm4_change_raw,0.12112228854945,0.0207779514466834,5.563827585755088e-09,17727,11181,True,"depression,smoking,bmi,physical_activity,alcohol",observed_interval_change,not_applicable_to_observed_interval_change,True,
share,continuous_gee_fixed_unannualised,base,continuous,fixed,False,cognitive_worsening_fixed_raw,cmm4_change_raw,cmm4_change_raw,0.067331276636133,0.0060974572288251,2.382631072719485e-28,96818,54838,True,,observed_interval_change,not_applicable_to_observed_interval_change,True,
share,continuous_gee_fixed_unannualised,mental_health,continuous,fixed,False,cognitive_worsening_fixed_raw,cmm4_change_raw,cmm4_change_raw,0.0634875580553735,0.006092279913885,1.988825002844804e-25,96805,54833,True,"depression,psychiatric",observed_interval_change,not_applicable_to_observed_interval_change,True,
share,continuous_gee_fixed_unannualised,lifestyle,continuous,fixed,False,cognitive_worsening_fixed_raw,cmm4_change_raw,cmm4_change_raw,0.0573547961969403,0.0065728396125618,2.6376854501461732e-18,80901,52311,True,"depression,psychiatric,smoking,bmi,physical_activity,alcohol",observed_interval_change,not_applicable_to_observed_interval_change,True,
share,continuous_gee_fixed_unannualised,socioeconomic,continuous,fixed,False,cognitive_worsening_fixed_raw,cmm4_change_raw,cmm4_change_raw,0.0575118843381782,0.0065870334573493,2.522629162586724e-18,80437,52013,True,"depression,psychiatric,smoking,bmi,physical_activity,alcohol,wealth,marital",observed_interval_change,not_applicable_to_observed_interval_change,True,
share,continuous_gee_fixed_unannualised,base,continuous,fixed,False,functional_worsening_fixed_raw,cmm4_change_raw,cmm4_change_raw,0.1641821956461847,0.0089018883231398,5.878169374641583e-76,107488,60204,True,,observed_interval_change,not_applicable_to_observed_interval_change,True,
share,continuous_gee_fixed_unannualised,mental_health,continuous,fixed,False,functional_worsening_fixed_raw,cmm4_change_raw,cmm4_change_raw,0.1584535190575655,0.0088717411861346,2.3958807207285008e-71,107329,60145,True,"depression,psychiatric",observed_interval_change,not_applicable_to_observed_interval_change,True,
share,continuous_gee_fixed_unannualised,lifestyle,continuous,fixed,False,functional_worsening_fixed_raw,cmm4_change_raw,cmm4_change_raw,0.1445554168811817,0.0094357644910718,5.6262910138216245e-53,88933,57210,True,"depression,psychiatric,smoking,bmi,physical_activity,alcohol",observed_interval_change,not_applicable_to_observed_interval_change,True,
share,continuous_gee_fixed_unannualised,socioeconomic,continuous,fixed,False,functional_worsening_fixed_raw,cmm4_change_raw,cmm4_change_raw,0.1441831784052797,0.0094688894152548,2.3393815704389637e-52,88391,56848,True,"depression,psychiatric,smoking,bmi,physical_activity,alcohol,wealth,marital",observed_interval_change,not_applicable_to_observed_interval_change,True,
charls,continuous_gee_wave_unannualised,mental_health,continuous,wave,False,cognitive_worsening_wave_raw,cmm4_change_raw,cmm4_change_raw,0.0217387273749565,0.0103778092177933,0.0361948373510708,35826,15464,True,"depression,psychiatric",observed_interval_change,not_applicable_to_observed_interval_change,True,
charls,continuous_gee_wave_unannualised,mental_health,continuous,wave,False,functional_worsening_wave_raw,cmm4_change_raw,cmm4_change_raw,0.1552953351849859,0.0110589823767818,8.568390944626826e-45,54868,20616,True,"depression,psychiatric",observed_interval_change,not_applicable_to_observed_interval_change,True,
elsa,continuous_gee_wave_unannualised,mental_health,continuous,wave,False,cognitive_worsening_wave_raw,cmm4_change_raw,cmm4_change_raw,0.0302971406783909,0.0126143128252494,0.0163143280302749,45148,11323,True,"depression,psychiatric",observed_interval_change,not_applicable_to_observed_interval_change,False,
elsa,continuous_gee_wave_unannualised,mental_health,continuous,wave,False,functional_worsening_wave_raw,cmm4_change_raw,cmm4_change_raw,0.156504603447288,0.0154476010043083,4.0119258999880584e-24,46567,11586,True,"depression,psychiatric",observed_interval_change,not_applicable_to_observed_interval_change,False,
hrs,continuous_gee_wave_unannualised,mental_health,continuous,wave,False,cognitive_worsening_wave_raw,cmm4_change_raw,cmm4_change_raw,0.0450407800694401,0.0054901775393472,2.3274254720954733e-16,154575,30667,True,"depression,psychiatric",observed_interval_change,not_applicable_to_observed_interval_change,True,
hrs,continuous_gee_wave_unannualised,mental_health,continuous,wave,False,functional_worsening_wave_raw,cmm4_change_raw,cmm4_change_raw,0.1546802700190431,0.0070843384230289,1.1004977988475375e-105,141450,29907,True,"depression,psychiatric",observed_interval_change,not_applicable_to_observed_interval_change,True,
klosa,continuous_gee_wave_unannualised,mental_health,continuous,wave,False,cognitive_worsening_wave_raw,cmm4_change_raw,cmm4_change_raw,0.0812065177194419,0.0170867544575867,2.008168977717566e-06,25996,8144,True,"depression,psychiatric",observed_interval_change,not_applicable_to_observed_interval_change,True,
klosa,continuous_gee_wave_unannualised,mental_health,continuous,wave,False,functional_worsening_wave_raw,cmm4_change_raw,cmm4_change_raw,0.1817136785041083,0.0260473956087654,3.0311877618263026e-12,28163,8448,True,"depression,psychiatric",observed_interval_change,not_applicable_to_observed_interval_change,True,
mhas,continuous_gee_wave_unannualised,mental_health,continuous,wave,False,cognitive_worsening_wave_raw,cmm4_change_raw,cmm4_change_raw,0.0517476806934187,0.0111885058823992,3.744625801725989e-06,22585,13094,True,depression,observed_interval_change,not_applicable_to_observed_interval_change,True,
mhas,continuous_gee_wave_unannualised,mental_health,continuous,wave,False,functional_worsening_wave_raw,cmm4_change_raw,cmm4_change_raw,0.1271815156489384,0.0190123232735918,2.240487686327717e-11,20047,11961,True,depression,observed_interval_change,not_applicable_to_observed_interval_change,True,
share,continuous_gee_wave_unannualised,mental_health,continuous,wave,False,cognitive_worsening_wave_raw,cmm4_change_raw,cmm4_change_raw,0.0703747140658458,0.0061142802990184,1.1762379299164533e-30,96805,54833,True,"depression,psychiatric",observed_interval_change,not_applicable_to_observed_interval_change,True,
share,continuous_gee_wave_unannualised,mental_health,continuous,wave,False,functional_worsening_wave_raw,cmm4_change_raw,cmm4_change_raw,0.1470350335360752,0.0081753349774274,2.5446957332503743e-72,107329,60145,True,"depression,psychiatric",observed_interval_change,not_applicable_to_observed_interval_change,True,
charls,continuous_gee_fixed_annualised,mental_health,continuous,fixed,False,cognitive_worsening_fixed_annual,cmm4_change_annual,cmm4_change_annual,0.0316151560047358,0.0106506485986626,0.0029937546025477,35826,15464,True,"depression,psychiatric",observed_interval_change,not_applicable_to_observed_interval_change,True,
charls,continuous_gee_fixed_annualised,mental_health,continuous,fixed,False,functional_worsening_fixed_annual,cmm4_change_annual,cmm4_change_annual,0.1722067824254766,0.0120105529680052,1.2673296056035444e-46,54868,20616,True,"depression,psychiatric",observed_interval_change,not_applicable_to_observed_interval_change,True,
elsa,continuous_gee_fixed_annualised,mental_health,continuous,fixed,False,cognitive_worsening_fixed_annual,cmm4_change_annual,cmm4_change_annual,0.0315983340765967,0.0129822745873773,0.0149346548560707,45148,11323,True,"depression,psychiatric",observed_interval_change,not_applicable_to_observed_interval_change,False,
elsa,continuous_gee_fixed_annualised,mental_health,continuous,fixed,False,functional_worsening_fixed_annual,cmm4_change_annual,cmm4_change_annual,0.166439375567109,0.0176479456149413,4.0584655981392695e-21,46567,11586,True,"depression,psychiatric",observed_interval_change,not_applicable_to_observed_interval_change,False,
hrs,continuous_gee_fixed_annualised,mental_health,continuous,fixed,False,cognitive_worsening_fixed_annual,cmm4_change_annual,cmm4_change_annual,0.0380829335742948,0.0061447802206958,5.732802574322984e-10,154575,30667,True,"depression,psychiatric",observed_interval_change,not_applicable_to_observed_interval_change,True,
hrs,continuous_gee_fixed_annualised,mental_health,continuous,fixed,False,functional_worsening_fixed_annual,cmm4_change_annual,cmm4_change_annual,0.1472928034858541,0.0071803759084157,1.6398389380589948e-93,141450,29907,True,"depression,psychiatric",observed_interval_change,not_applicable_to_observed_interval_change,True,
klosa,continuous_gee_fixed_annualised,mental_health,continuous,fixed,False,cognitive_worsening_fixed_annual,cmm4_change_annual,cmm4_change_annual,0.0758410916047962,0.0170113028608996,8.262128707318583e-06,25996,8144,True,"depression,psychiatric",observed_interval_change,not_applicable_to_observed_interval_change,True,
klosa,continuous_gee_fixed_annualised,mental_health,continuous,fixed,False,functional_worsening_fixed_annual,cmm4_change_annual,cmm4_change_annual,0.1746186116792054,0.0253093996850392,5.223803912540014e-12,28163,8448,True,"depression,psychiatric",observed_interval_change,not_applicable_to_observed_interval_change,True,
mhas,continuous_gee_fixed_annualised,mental_health,continuous,fixed,False,cognitive_worsening_fixed_annual,cmm4_change_annual,cmm4_change_annual,0.0599279173365011,0.0116936743920538,2.978301136605439e-07,22585,13094,True,depression,observed_interval_change,not_applicable_to_observed_interval_change,True,
mhas,continuous_gee_fixed_annualised,mental_health,continuous,fixed,False,functional_worsening_fixed_annual,cmm4_change_annual,cmm4_change_annual,0.1436812836580195,0.0211639482667284,1.1294158806777403e-11,20047,11961,True,depression,observed_interval_change,not_applicable_to_observed_interval_change,True,
share,continuous_gee_fixed_annualised,mental_health,continuous,fixed,False,cognitive_worsening_fixed_annual,cmm4_change_annual,cmm4_change_annual,0.0599140862304112,0.0063523538088739,4.0313778794481766e-21,96805,54833,True,"depression,psychiatric",observed_interval_change,not_applicable_to_observed_interval_change,True,
share,continuous_gee_fixed_annualised,mental_health,continuous,fixed,False,functional_worsening_fixed_annual,cmm4_change_annual,cmm4_change_annual,0.1547061224400985,0.0089305872518747,3.1451771531194645e-67,107329,60145,True,"depression,psychiatric",observed_interval_change,not_applicable_to_observed_interval_change,True,
charls,continuous_gee_fixed_unannualised,mental_health,continuous,fixed,False,cognitive_worsening_fixed_raw,cmm5_change_raw,cmm5_change_raw,0.0137550180014458,0.0082251479637223,0.0944627101093601,35279,15347,True,"depression,psychiatric",observed_interval_change,not_applicable_to_observed_interval_change,True,
charls,continuous_gee_fixed_unannualised,mental_health,continuous,fixed,False,functional_worsening_fixed_raw,cmm5_change_raw,cmm5_change_raw,0.1390599720460303,0.0092511869284951,4.559865134462854e-51,53884,20502,True,"depression,psychiatric",observed_interval_change,not_applicable_to_observed_interval_change,True,
elsa,continuous_gee_fixed_unannualised,mental_health,continuous,fixed,False,cognitive_worsening_fixed_raw,cmm5_change_raw,cmm5_change_raw,0.018548889473198,0.009906878978301,0.0611617617034241,43955,11029,True,"depression,psychiatric",observed_interval_change,not_applicable_to_observed_interval_change,False,
elsa,continuous_gee_fixed_unannualised,mental_health,continuous,fixed,False,functional_worsening_fixed_raw,cmm5_change_raw,cmm5_change_raw,0.1206871032108329,0.0129902185337,1.5340114518635786e-20,45340,11290,True,"depression,psychiatric",observed_interval_change,not_applicable_to_observed_interval_change,False,
hrs,continuous_gee_fixed_unannualised,mental_health,continuous,fixed,False,cognitive_worsening_fixed_raw,cmm5_change_raw,cmm5_change_raw,0.0411105453368846,0.0081894415779356,5.168630795299964e-07,44387,19128,True,"depression,psychiatric",observed_interval_change,not_applicable_to_observed_interval_change,True,
hrs,continuous_gee_fixed_unannualised,mental_health,continuous,fixed,False,functional_worsening_fixed_raw,cmm5_change_raw,cmm5_change_raw,0.1045908219067004,0.0102632722911863,2.179922461084803e-24,41728,18525,True,"depression,psychiatric",observed_interval_change,not_applicable_to_observed_interval_change,True,
share,continuous_gee_fixed_unannualised,mental_health,continuous,fixed,False,cognitive_worsening_fixed_raw,cmm5_change_raw,cmm5_change_raw,0.0473962707489648,0.0048555515828914,1.6510147530179065e-22,96804,54832,True,"depression,psychiatric",observed_interval_change,not_applicable_to_observed_interval_change,True,
share,continuous_gee_fixed_unannualised,mental_health,continuous,fixed,False,functional_worsening_fixed_raw,cmm5_change_raw,cmm5_change_raw,0.1164620626736383,0.0068748042904206,2.2650702807463592e-64,107328,60145,True,"depression,psychiatric",observed_interval_change,not_applicable_to_observed_interval_change,True,
charls,transition_multinomial_cluster,mental_health,matched_0.20,fixed,False,cognitive_only,cmm4_start,cmm4_start,-0.0920566712869945,0.0345311993240014,0.0076782879007612,25671,12417,True,"depression,psychiatric",joint_competing_state_transition,validated_five_state_competing_transition,True,
charls,transition_multinomial_cluster,mental_health,matched_0.20,fixed,False,functional_only,cmm4_start,cmm4_start,0.2464733193685748,0.0265631307904741,1.71437863332944e-20,25671,12417,True,"depression,psychiatric",joint_competing_state_transition,validated_five_state_competing_transition,True,
charls,transition_multinomial_cluster,mental_health,matched_0.20,fixed,False,joint,cmm4_start,cmm4_start,0.0860278027057904,0.0588133560090173,0.143542472472425,25671,12417,True,"depression,psychiatric",joint_competing_state_transition,validated_five_state_competing_transition,True,
charls,transition_multinomial_cluster,mental_health,matched_0.20,fixed,False,death,cmm4_start,cmm4_start,0.2032900370191471,0.0714131986319032,0.004417869258516,25671,12417,True,"depression,psychiatric",joint_competing_state_transition,validated_five_state_competing_transition,True,
elsa,transition_multinomial_cluster,mental_health,matched_0.20,fixed,False,cognitive_only,cmm4_start,cmm4_start,0.0253327121186128,0.0251869077238953,0.3145171297546831,36508,10887,True,"depression,psychiatric",joint_competing_state_transition,four_state_transition_mortality_endpoint_unavailable,False,
elsa,transition_multinomial_cluster,mental_health,matched_0.20,fixed,False,functional_only,cmm4_start,cmm4_start,0.3601998044138618,0.0296094151791434,4.771948771437657e-34,36508,10887,True,"depression,psychiatric",joint_competing_state_transition,four_state_transition_mortality_endpoint_unavailable,False,
elsa,transition_multinomial_cluster,mental_health,matched_0.20,fixed,False,joint,cmm4_start,cmm4_start,0.2650252170742303,0.050333753778666,1.3991667531278418e-07,36508,10887,True,"depression,psychiatric",joint_competing_state_transition,four_state_transition_mortality_endpoint_unavailable,False,
hrs,transition_multinomial_cluster,mental_health,matched_0.20,fixed,False,cognitive_only,cmm4_start,cmm4_start,0.059260517982002,0.0152825727396023,0.0001054688882504,101626,24941,True,"depression,psychiatric",joint_competing_state_transition,validated_five_state_competing_transition,True,
hrs,transition_multinomial_cluster,mental_health,matched_0.20,fixed,False,functional_only,cmm4_start,cmm4_start,0.2771893414909525,0.0156555742979341,3.804736698354721e-70,101626,24941,True,"depression,psychiatric",joint_competing_state_transition,validated_five_state_competing_transition,True,
hrs,transition_multinomial_cluster,mental_health,matched_0.20,fixed,False,joint,cmm4_start,cmm4_start,0.3101039037154838,0.0311608386175591,2.4786465419522626e-23,101626,24941,True,"depression,psychiatric",joint_competing_state_transition,validated_five_state_competing_transition,True,
hrs,transition_multinomial_cluster,mental_health,matched_0.20,fixed,False,death,cmm4_start,cmm4_start,0.3961187572249791,0.0210278725806013,3.700630817238618e-79,101626,24941,True,"depression,psychiatric",joint_competing_state_transition,validated_five_state_competing_transition,True,
mhas,transition_multinomial_cluster,mental_health,matched_0.20,fixed,False,cognitive_only,cmm4_start,cmm4_start,-0.0496124758054725,0.1162300499607779,0.6694905974524529,14574,9633,True,depression,joint_competing_state_transition,validated_five_state_competing_transition,True,
mhas,transition_multinomial_cluster,mental_health,matched_0.20,fixed,False,functional_only,cmm4_start,cmm4_start,0.3626231326329985,0.0380548127758507,1.588529078791699e-21,14574,9633,True,depression,joint_competing_state_transition,validated_five_state_competing_transition,True,
mhas,transition_multinomial_cluster,mental_health,matched_0.20,fixed,False,joint,cmm4_start,cmm4_start,0.3000734668608505,0.0689855537032634,1.362608026220295e-05,14574,9633,True,depression,joint_competing_state_transition,validated_five_state_competing_transition,True,
mhas,transition_multinomial_cluster,mental_health,matched_0.20,fixed,False,death,cmm4_start,cmm4_start,0.3038542325339607,0.0905334085440604,0.0007900244424518,14574,9633,True,depression,joint_competing_state_transition,validated_five_state_competing_transition,True,
charls,continuous_domain_interaction,mental_health,continuous,fixed,False,stacked_worsening,cmm4_change_raw,cmm4_change_raw[cognitive],0.0209229802523419,0.0102279318365101,0.0407887825273229,34823,15119,True,"depression,psychiatric",paired_observed_interval_domain_contrast,not_applicable_to_observed_interval_change,True,34823.0
charls,continuous_domain_interaction,mental_health,continuous,fixed,False,stacked_worsening,cmm4_change_raw,cmm4_change_raw[functional],0.0937325934310499,0.0109524892796141,1.1473419332594274e-17,34823,15119,True,"depression,psychiatric",paired_observed_interval_domain_contrast,not_applicable_to_observed_interval_change,True,34823.0
charls,continuous_domain_interaction,mental_health,continuous,fixed,False,stacked_worsening,cmm4_change_raw,cmm4_change_raw[functional-minus-cognitive],0.0728096131787079,0.014026343003407,2.0925842846113977e-07,34823,15119,True,"depression,psychiatric",paired_observed_interval_domain_contrast,not_applicable_to_observed_interval_change,True,34823.0
charls,continuous_domain_interaction,mental_health,continuous,wave,False,stacked_worsening,cmm4_change_raw,cmm4_change_raw[cognitive],0.0199965091376807,0.0104559896140013,0.0558190907655297,34823,15119,True,"depression,psychiatric",paired_observed_interval_domain_contrast,not_applicable_to_observed_interval_change,True,34823.0
charls,continuous_domain_interaction,mental_health,continuous,wave,False,stacked_worsening,cmm4_change_raw,cmm4_change_raw[functional],0.092533501859464,0.0106758914931322,4.4163451264117304e-18,34823,15119,True,"depression,psychiatric",paired_observed_interval_domain_contrast,not_applicable_to_observed_interval_change,True,34823.0
charls,continuous_domain_interaction,mental_health,continuous,wave,False,stacked_worsening,cmm4_change_raw,cmm4_change_raw[functional-minus-cognitive],0.0725369927217832,0.0139861465005856,2.1446039051098693e-07,34823,15119,True,"depression,psychiatric",paired_observed_interval_domain_contrast,not_applicable_to_observed_interval_change,True,34823.0
elsa,continuous_domain_interaction,mental_health,continuous,fixed,False,stacked_worsening,cmm4_change_raw,cmm4_change_raw[cognitive],0.025158179868746,0.0128144563211702,0.0496153331626739,45140,11322,True,"depression,psychiatric",paired_observed_interval_domain_contrast,not_applicable_to_observed_interval_change,False,45140.0
elsa,continuous_domain_interaction,mental_health,continuous,fixed,False,stacked_worsening,cmm4_change_raw,cmm4_change_raw[functional],0.0980099817287037,0.0144821492613159,1.3089939791287026e-11,45140,11322,True,"depression,psychiatric",paired_observed_interval_domain_contrast,not_applicable_to_observed_interval_change,False,45140.0
elsa,continuous_domain_interaction,mental_health,continuous,fixed,False,stacked_worsening,cmm4_change_raw,cmm4_change_raw[functional-minus-cognitive],0.0728518018599576,0.0180586887672057,5.479587828521614e-05,45140,11322,True,"depression,psychiatric",paired_observed_interval_domain_contrast,not_applicable_to_observed_interval_change,False,45140.0
elsa,continuous_domain_interaction,mental_health,continuous,wave,False,stacked_worsening,cmm4_change_raw,cmm4_change_raw[cognitive],0.0244807237249926,0.0125650318259177,0.0513764864361315,45140,11322,True,"depression,psychiatric",paired_observed_interval_domain_contrast,not_applicable_to_observed_interval_change,False,45140.0
elsa,continuous_domain_interaction,mental_health,continuous,wave,False,stacked_worsening,cmm4_change_raw,cmm4_change_raw[functional],0.0872004254980471,0.0127035047878974,6.682701180933299e-12,45140,11322,True,"depression,psychiatric",paired_observed_interval_domain_contrast,not_applicable_to_observed_interval_change,False,45140.0
elsa,continuous_domain_interaction,mental_health,continuous,wave,False,stacked_worsening,cmm4_change_raw,cmm4_change_raw[functional-minus-cognitive],0.0627197017730544,0.0166857517569355,0.000170677171472,45140,11322,True,"depression,psychiatric",paired_observed_interval_domain_contrast,not_applicable_to_observed_interval_change,False,45140.0
hrs,continuous_domain_interaction,mental_health,continuous,fixed,False,stacked_worsening,cmm4_change_raw,cmm4_change_raw[cognitive],0.0417332400734996,0.0055747046973907,7.090739807408865e-14,138775,29302,True,"depression,psychiatric",paired_observed_interval_domain_contrast,not_applicable_to_observed_interval_change,True,138775.0
hrs,continuous_domain_interaction,mental_health,continuous,fixed,False,stacked_worsening,cmm4_change_raw,cmm4_change_raw[functional],0.0851084152891317,0.0056117240705898,5.9225195765732986e-52,138775,29302,True,"depression,psychiatric",paired_observed_interval_domain_contrast,not_applicable_to_observed_interval_change,True,138775.0
hrs,continuous_domain_interaction,mental_health,continuous,fixed,False,stacked_worsening,cmm4_change_raw,cmm4_change_raw[functional-minus-cognitive],0.043375175215632,0.0073428179584715,3.480629591316064e-09,138775,29302,True,"depression,psychiatric",paired_observed_interval_domain_contrast,not_applicable_to_observed_interval_change,True,138775.0
hrs,continuous_domain_interaction,mental_health,continuous,wave,False,stacked_worsening,cmm4_change_raw,cmm4_change_raw[cognitive],0.0434284428578381,0.0058089095927482,7.65152263497239e-14,138775,29302,True,"depression,psychiatric",paired_observed_interval_domain_contrast,not_applicable_to_observed_interval_change,True,138775.0
hrs,continuous_domain_interaction,mental_health,continuous,wave,False,stacked_worsening,cmm4_change_raw,cmm4_change_raw[functional],0.0846126081885139,0.005567291781374,3.6367687962852704e-52,138775,29302,True,"depression,psychiatric",paired_observed_interval_domain_contrast,not_applicable_to_observed_interval_change,True,138775.0
hrs,continuous_domain_interaction,mental_health,continuous,wave,False,stacked_worsening,cmm4_change_raw,cmm4_change_raw[functional-minus-cognitive],0.0411841653306757,0.0074690412012815,3.508027341937428e-08,138775,29302,True,"depression,psychiatric",paired_observed_interval_domain_contrast,not_applicable_to_observed_interval_change,True,138775.0
klosa,continuous_domain_interaction,mental_health,continuous,fixed,False,stacked_worsening,cmm4_change_raw,cmm4_change_raw[cognitive],0.0783624233912184,0.017010027010392,4.088400469436111e-06,25994,8144,True,"depression,psychiatric",paired_observed_interval_domain_contrast,not_applicable_to_observed_interval_change,True,25994.0
klosa,continuous_domain_interaction,mental_health,continuous,fixed,False,stacked_worsening,cmm4_change_raw,cmm4_change_raw[functional],0.1178565606100446,0.021049616976127,2.1560626170083617e-08,25994,8144,True,"depression,psychiatric",paired_observed_interval_domain_contrast,not_applicable_to_observed_interval_change,True,25994.0
klosa,continuous_domain_interaction,mental_health,continuous,fixed,False,stacked_worsening,cmm4_change_raw,cmm4_change_raw[functional-minus-cognitive],0.0394941372188262,0.0203970585873295,0.0528350936458931,25994,8144,True,"depression,psychiatric",paired_observed_interval_domain_contrast,not_applicable_to_observed_interval_change,True,25994.0
klosa,continuous_domain_interaction,mental_health,continuous,wave,False,stacked_worsening,cmm4_change_raw,cmm4_change_raw[cognitive],0.0798073611258772,0.017016750850741,2.7329924999067622e-06,25994,8144,True,"depression,psychiatric",paired_observed_interval_domain_contrast,not_applicable_to_observed_interval_change,True,25994.0
klosa,continuous_domain_interaction,mental_health,continuous,wave,False,stacked_worsening,cmm4_change_raw,cmm4_change_raw[functional],0.1201986048908604,0.0216073837473889,2.654061079865822e-08,25994,8144,True,"depression,psychiatric",paired_observed_interval_domain_contrast,not_applicable_to_observed_interval_change,True,25994.0
klosa,continuous_domain_interaction,mental_health,continuous,wave,False,stacked_worsening,cmm4_change_raw,cmm4_change_raw[functional-minus-cognitive],0.0403912437649831,0.0208026921333127,0.0521812524390472,25994,8144,True,"depression,psychiatric",paired_observed_interval_domain_contrast,not_applicable_to_observed_interval_change,True,25994.0
mhas,continuous_domain_interaction,mental_health,continuous,fixed,False,stacked_worsening,cmm4_change_raw,cmm4_change_raw[cognitive],0.0545542436203963,0.0124796232599067,1.2341530428571364e-05,20047,11961,True,depression,paired_observed_interval_domain_contrast,not_applicable_to_observed_interval_change,True,20047.0
mhas,continuous_domain_interaction,mental_health,continuous,fixed,False,stacked_worsening,cmm4_change_raw,cmm4_change_raw[functional],0.1389930427756762,0.0209308842345688,3.124682537203349e-11,20047,11961,True,depression,paired_observed_interval_domain_contrast,not_applicable_to_observed_interval_change,True,20047.0
mhas,continuous_domain_interaction,mental_health,continuous,fixed,False,stacked_worsening,cmm4_change_raw,cmm4_change_raw[functional-minus-cognitive],0.0844387991552799,0.0229482919078237,0.0002336693666076,20047,11961,True,depression,paired_observed_interval_domain_contrast,not_applicable_to_observed_interval_change,True,20047.0
mhas,continuous_domain_interaction,mental_health,continuous,wave,False,stacked_worsening,cmm4_change_raw,cmm4_change_raw[cognitive],0.0512638288123612,0.011899238534328,1.6461795411109442e-05,20047,11961,True,depression,paired_observed_interval_domain_contrast,not_applicable_to_observed_interval_change,True,20047.0
mhas,continuous_domain_interaction,mental_health,continuous,wave,False,stacked_worsening,cmm4_change_raw,cmm4_change_raw[functional],0.1274475064544393,0.0189415914844892,1.7148268610123572e-11,20047,11961,True,depression,paired_observed_interval_domain_contrast,not_applicable_to_observed_interval_change,True,20047.0
mhas,continuous_domain_interaction,mental_health,continuous,wave,False,stacked_worsening,cmm4_change_raw,cmm4_change_raw[functional-minus-cognitive],0.076183677642078,0.0210494635281486,0.00029543603466,20047,11961,True,depression,paired_observed_interval_domain_contrast,not_applicable_to_observed_interval_change,True,20047.0
share,continuous_domain_interaction,mental_health,continuous,fixed,False,stacked_worsening,cmm4_change_raw,cmm4_change_raw[cognitive],0.0611567577449048,0.0060834278777511,8.910393910624988e-24,96783,54824,True,"depression,psychiatric",paired_observed_interval_domain_contrast,not_applicable_to_observed_interval_change,True,96783.0
share,continuous_domain_interaction,mental_health,continuous,fixed,False,stacked_worsening,cmm4_change_raw,cmm4_change_raw[functional],0.0966161289083399,0.006905531768574,1.7660667050677017e-44,96783,54824,True,"depression,psychiatric",paired_observed_interval_domain_contrast,not_applicable_to_observed_interval_change,True,96783.0
share,continuous_domain_interaction,mental_health,continuous,fixed,False,stacked_worsening,cmm4_change_raw,cmm4_change_raw[functional-minus-cognitive],0.0354593711634351,0.0084132691329413,2.501149385595479e-05,96783,54824,True,"depression,psychiatric",paired_observed_interval_domain_contrast,not_applicable_to_observed_interval_change,True,96783.0
share,continuous_domain_interaction,mental_health,continuous,wave,False,stacked_worsening,cmm4_change_raw,cmm4_change_raw[cognitive],0.0640513260055868,0.0060772198914037,5.675368806939103e-26,96783,54824,True,"depression,psychiatric",paired_observed_interval_domain_contrast,not_applicable_to_observed_interval_change,True,96783.0
share,continuous_domain_interaction,mental_health,continuous,wave,False,stacked_worsening,cmm4_change_raw,cmm4_change_raw[functional],0.086421373201227,0.006363874852653,5.263177891877943e-42,96783,54824,True,"depression,psychiatric",paired_observed_interval_domain_contrast,not_applicable_to_observed_interval_change,True,96783.0
share,continuous_domain_interaction,mental_health,continuous,wave,False,stacked_worsening,cmm4_change_raw,cmm4_change_raw[functional-minus-cognitive],0.0223700471956402,0.0080276135463369,0.0053258054216464,96783,54824,True,"depression,psychiatric",paired_observed_interval_domain_contrast,not_applicable_to_observed_interval_change,True,96783.0
charls,continuous_source_metric_wave_fe,mental_health,continuous,source_total_or_fixed_reference_item_z_mean,False,cognitive_worsening_source_metric,cmm4_change_raw,cmm4_change_raw,0.0153131981623942,0.0066617549534926,0.0215234984617802,35826,15464,True,"depression,psychiatric",observed_interval_change,not_applicable_to_observed_interval_change,True,
charls,continuous_source_metric_wave_fe,mental_health,continuous,source_total_or_fixed_reference_item_z_mean,False,functional_worsening_source_metric,cmm4_change_raw,cmm4_change_raw,0.1518481470192148,0.0105074292351522,2.4527387869956854e-47,54868,20616,True,"depression,psychiatric",observed_interval_change,not_applicable_to_observed_interval_change,True,
elsa,continuous_source_metric_wave_fe,mental_health,continuous,source_total_or_fixed_reference_item_z_mean,False,cognitive_worsening_source_metric,cmm4_change_raw,cmm4_change_raw,0.0246952597691603,0.0100520354484899,0.014020325490346,45148,11323,True,"depression,psychiatric",observed_interval_change,not_applicable_to_observed_interval_change,False,
elsa,continuous_source_metric_wave_fe,mental_health,continuous,source_total_or_fixed_reference_item_z_mean,False,functional_worsening_source_metric,cmm4_change_raw,cmm4_change_raw,0.1615040616251498,0.0160353919456526,7.367424138137683e-24,46567,11586,True,"depression,psychiatric",observed_interval_change,not_applicable_to_observed_interval_change,False,
hrs,continuous_source_metric_wave_fe,mental_health,continuous,source_total_or_fixed_reference_item_z_mean,False,cognitive_worsening_source_metric,cmm4_change_raw,cmm4_change_raw,0.2059493064989529,0.0250500968777874,2.0097785314345415e-16,154575,30667,True,"depression,psychiatric",observed_interval_change,not_applicable_to_observed_interval_change,True,
hrs,continuous_source_metric_wave_fe,mental_health,continuous,source_total_or_fixed_reference_item_z_mean,False,functional_worsening_source_metric,cmm4_change_raw,cmm4_change_raw,0.1434818773021387,0.0065586829967932,4.3373946537797133e-106,141450,29907,True,"depression,psychiatric",observed_interval_change,not_applicable_to_observed_interval_change,True,
klosa,continuous_source_metric_wave_fe,mental_health,continuous,source_total_or_fixed_reference_item_z_mean,False,cognitive_worsening_source_metric,cmm4_change_raw,cmm4_change_raw,0.4325411291235357,0.0959391075606323,6.528865088591445e-06,25996,8144,True,"depression,psychiatric",observed_interval_change,not_applicable_to_observed_interval_change,True,
klosa,continuous_source_metric_wave_fe,mental_health,continuous,source_total_or_fixed_reference_item_z_mean,False,functional_worsening_source_metric,cmm4_change_raw,cmm4_change_raw,0.1677565614311737,0.0241910468956775,4.072140495152913e-12,28163,8448,True,"depression,psychiatric",observed_interval_change,not_applicable_to_observed_interval_change,True,
mhas,continuous_source_metric_wave_fe,mental_health,continuous,source_total_or_fixed_reference_item_z_mean,False,cognitive_worsening_source_metric,cmm4_change_raw,cmm4_change_raw,0.0498674425739294,0.0099009383818587,4.7377955126819123e-07,22585,13094,True,depression,observed_interval_change,not_applicable_to_observed_interval_change,True,
mhas,continuous_source_metric_wave_fe,mental_health,continuous,source_total_or_fixed_reference_item_z_mean,False,functional_worsening_source_metric,cmm4_change_raw,cmm4_change_raw,0.1284219141727747,0.0191325143594221,1.916669418090876e-11,20047,11961,True,depression,observed_interval_change,not_applicable_to_observed_interval_change,True,
share,continuous_source_metric_wave_fe,mental_health,continuous,source_total_or_fixed_reference_item_z_mean,False,cognitive_worsening_source_metric,cmm4_change_raw,cmm4_change_raw,0.0484157563775196,0.004577112594049,3.777453183664254e-26,96805,54833,True,"depression,psychiatric",observed_interval_change,not_applicable_to_observed_interval_change,True,
share,continuous_source_metric_wave_fe,mental_health,continuous,source_total_or_fixed_reference_item_z_mean,False,functional_worsening_source_metric,cmm4_change_raw,cmm4_change_raw,0.1438917368580864,0.0081574905264308,1.2315795999771505e-69,107329,60145,True,"depression,psychiatric",observed_interval_change,not_applicable_to_observed_interval_change,True,
charls,continuous_interval_central_cohort_iqr,base,continuous,fixed,False,cognitive_worsening_fixed_raw,cmm4_change_raw,cmm4_change_raw,0.0388379591826466,0.0128270737587022,0.0024633183346527,22340,13296,True,,observed_interval_change_within_interval_subset,not_applicable_to_observed_interval_change,True,
charls,continuous_interval_central_cohort_iqr,base,continuous,fixed,False,functional_worsening_fixed_raw,cmm4_change_raw,cmm4_change_raw,0.1857601347458425,0.0151874652552102,2.119222911629792e-34,36342,19310,True,,observed_interval_change_within_interval_subset,not_applicable_to_observed_interval_change,True,
elsa,continuous_interval_central_cohort_iqr,base,continuous,fixed,False,cognitive_worsening_fixed_raw,cmm4_change_raw,cmm4_change_raw,0.0340401006551553,0.0154199509471136,0.0272766175025169,29496,10040,True,,observed_interval_change_within_interval_subset,not_applicable_to_observed_interval_change,False,
elsa,continuous_interval_central_cohort_iqr,base,continuous,fixed,False,functional_worsening_fixed_raw,cmm4_change_raw,cmm4_change_raw,0.1984244401184,0.0216734704096311,5.426918136798411e-20,31508,10611,True,,observed_interval_change_within_interval_subset,not_applicable_to_observed_interval_change,False,
hrs,continuous_interval_central_cohort_iqr,base,continuous,fixed,False,cognitive_worsening_fixed_raw,cmm4_change_raw,cmm4_change_raw,0.0455861742229063,0.006952281976903,5.4897768781022154e-11,87579,26469,True,,observed_interval_change_within_interval_subset,not_applicable_to_observed_interval_change,True,
hrs,continuous_interval_central_cohort_iqr,base,continuous,fixed,False,functional_worsening_fixed_raw,cmm4_change_raw,cmm4_change_raw,0.1357150159820062,0.0088132127824423,1.6611726027606821e-53,82762,26415,True,,observed_interval_change_within_interval_subset,not_applicable_to_observed_interval_change,True,
klosa,continuous_interval_central_cohort_iqr,base,continuous,fixed,False,cognitive_worsening_fixed_raw,cmm4_change_raw,cmm4_change_raw,0.0553959346983792,0.0196828677832153,0.0048864736490805,18925,7776,True,,observed_interval_change_within_interval_subset,not_applicable_to_observed_interval_change,True,
klosa,continuous_interval_central_cohort_iqr,base,continuous,fixed,False,functional_worsening_fixed_raw,cmm4_change_raw,cmm4_change_raw,0.1505976870408526,0.0276939756988188,5.390548219513678e-08,20563,8122,True,,observed_interval_change_within_interval_subset,not_applicable_to_observed_interval_change,True,
mhas,continuous_interval_central_cohort_iqr,base,continuous,fixed,False,cognitive_worsening_fixed_raw,cmm4_change_raw,cmm4_change_raw,0.0611532809818177,0.0117358114241024,1.8800087740315898e-07,22379,13079,True,,observed_interval_change_within_interval_subset,not_applicable_to_observed_interval_change,True,
mhas,continuous_interval_central_cohort_iqr,base,continuous,fixed,False,functional_worsening_fixed_raw,cmm4_change_raw,cmm4_change_raw,0.1489507539252701,0.0211318406315706,1.8067388195342088e-12,19866,11934,True,,observed_interval_change_within_interval_subset,not_applicable_to_observed_interval_change,True,
share,continuous_interval_central_cohort_iqr,base,continuous,fixed,False,cognitive_worsening_fixed_raw,cmm4_change_raw,cmm4_change_raw,0.0665505372415503,0.0079623568070844,6.371180308076911e-17,59185,40576,True,,observed_interval_change_within_interval_subset,not_applicable_to_observed_interval_change,True,
share,continuous_interval_central_cohort_iqr,base,continuous,fixed,False,functional_worsening_fixed_raw,cmm4_change_raw,cmm4_change_raw,0.1740976351202488,0.0114848524210714,6.6176517942365074e-52,65623,44792,True,,observed_interval_change_within_interval_subset,not_applicable_to_observed_interval_change,True,
charls,continuous_interval_gt_1.5_to_2.5y,base,continuous,fixed,False,cognitive_worsening_fixed_raw,cmm4_change_raw,cmm4_change_raw,0.0425650636228668,0.0123893922859537,0.000591231329252,27828,15111,True,,observed_interval_change_within_interval_subset,not_applicable_to_observed_interval_change,True,
charls,continuous_interval_gt_1.5_to_2.5y,base,continuous,fixed,False,functional_worsening_fixed_raw,cmm4_change_raw,cmm4_change_raw,0.1797259530378191,0.0139355392914667,4.68266678696175e-38,44961,21190,True,,observed_interval_change_within_interval_subset,not_applicable_to_observed_interval_change,True,
elsa,continuous_interval_gt_1.5_to_2.5y,base,continuous,fixed,False,cognitive_worsening_fixed_raw,cmm4_change_raw,cmm4_change_raw,0.0433879626733887,0.0131004214201145,0.0009264754808033,44001,11181,True,,observed_interval_change_within_interval_subset,not_applicable_to_observed_interval_change,False,
elsa,continuous_interval_gt_1.5_to_2.5y,base,continuous,fixed,False,functional_worsening_fixed_raw,cmm4_change_raw,cmm4_change_raw,0.1844004679258557,0.0175942523528128,1.0593189540199437e-25,47031,11762,True,,observed_interval_change_within_interval_subset,not_applicable_to_observed_interval_change,False,
hrs,continuous_interval_gt_1.5_to_2.5y,base,continuous,fixed,False,cognitive_worsening_fixed_raw,cmm4_change_raw,cmm4_change_raw,0.0476673325877318,0.0056614609040636,3.7771701191575554e-17,130445,29279,True,,observed_interval_change_within_interval_subset,not_applicable_to_observed_interval_change,True,
hrs,continuous_interval_gt_1.5_to_2.5y,base,continuous,fixed,False,functional_worsening_fixed_raw,cmm4_change_raw,cmm4_change_raw,0.1481369595664145,0.0074095680763693,6.380496746065356e-89,123935,29480,True,,observed_interval_change_within_interval_subset,not_applicable_to_observed_interval_change,True,
klosa,continuous_interval_gt_1.5_to_2.5y,base,continuous,fixed,False,cognitive_worsening_fixed_raw,cmm4_change_raw,cmm4_change_raw,0.0775884166931836,0.0171892856207083,6.368641887022887e-06,26073,8149,True,,observed_interval_change_within_interval_subset,not_applicable_to_observed_interval_change,True,
klosa,continuous_interval_gt_1.5_to_2.5y,base,continuous,fixed,False,functional_worsening_fixed_raw,cmm4_change_raw,cmm4_change_raw,0.1793641363963314,0.0254224652390442,1.7217917385247248e-12,28262,8451,True,,observed_interval_change_within_interval_subset,not_applicable_to_observed_interval_change,True,
share,continuous_interval_gt_1.5_to_2.5y,base,continuous,fixed,False,cognitive_worsening_fixed_raw,cmm4_change_raw,cmm4_change_raw,0.0640534469692713,0.0065189758778781,8.727285165869118e-23,84413,51056,True,,observed_interval_change_within_interval_subset,not_applicable_to_observed_interval_change,True,
share,continuous_interval_gt_1.5_to_2.5y,base,continuous,fixed,False,functional_worsening_fixed_raw,cmm4_change_raw,cmm4_change_raw,0.1649077010812179,0.0094962594067723,1.5046962331747882e-67,93681,56202,True,,observed_interval_change_within_interval_subset,not_applicable_to_observed_interval_change,True,
charls,continuous_interval_gt_2.5y,base,continuous,fixed,False,cognitive_worsening_fixed_raw,cmm4_change_raw,cmm4_change_raw,0.0168081568116422,0.0169939337676345,0.3226298518380752,8030,8030,True,,observed_interval_change_within_interval_subset,not_applicable_to_observed_interval_change,True,
charls,continuous_interval_gt_2.5y,base,continuous,fixed,False,functional_worsening_fixed_raw,cmm4_change_raw,cmm4_change_raw,0.1650004077351359,0.0186303312934517,8.253097946912192e-19,13708,13708,True,,observed_interval_change_within_interval_subset,not_applicable_to_observed_interval_change,True,
elsa,continuous_interval_gt_2.5y,base,continuous,fixed,False,cognitive_worsening_fixed_raw,cmm4_change_raw,cmm4_change_raw,-0.1644667441954058,0.1041948360910574,0.114461373527015,681,672,True,,observed_interval_change_within_interval_subset,not_applicable_to_observed_interval_change,False,
elsa,continuous_interval_gt_2.5y,base,continuous,fixed,False,functional_worsening_fixed_raw,cmm4_change_raw,cmm4_change_raw,0.4172719831411198,0.1611458575764014,0.0096141783997114,755,743,True,,observed_interval_change_within_interval_subset,not_applicable_to_observed_interval_change,False,
hrs,continuous_interval_gt_2.5y,base,continuous,fixed,False,cognitive_worsening_fixed_raw,cmm4_change_raw,cmm4_change_raw,0.0864488437064951,0.0205690094019921,2.6355359550962704e-05,9526,8488,True,,observed_interval_change_within_interval_subset,not_applicable_to_observed_interval_change,True,
hrs,continuous_interval_gt_2.5y,base,continuous,fixed,False,functional_worsening_fixed_raw,cmm4_change_raw,cmm4_change_raw,0.2515089792954579,0.0325107757709213,1.0245418765933821e-14,9386,8391,True,,observed_interval_change_within_interval_subset,not_applicable_to_observed_interval_change,True,
mhas,continuous_interval_gt_2.5y,base,continuous,fixed,False,cognitive_worsening_fixed_raw,cmm4_change_raw,cmm4_change_raw,0.0619209803445029,0.0117044274452117,1.2205613006064953e-07,22586,13094,True,,observed_interval_change_within_interval_subset,not_applicable_to_observed_interval_change,True,
mhas,continuous_interval_gt_2.5y,base,continuous,fixed,False,functional_worsening_fixed_raw,cmm4_change_raw,cmm4_change_raw,0.1476079065017866,0.0211000923613089,2.6411714781683624e-12,20048,11961,True,,observed_interval_change_within_interval_subset,not_applicable_to_observed_interval_change,True,
share,continuous_interval_gt_2.5y,base,continuous,fixed,False,cognitive_worsening_fixed_raw,cmm4_change_raw,cmm4_change_raw,0.1163859050871152,0.0236664484687243,8.754030648424789e-07,7111,7090,True,,observed_interval_change_within_interval_subset,not_applicable_to_observed_interval_change,True,
share,continuous_interval_gt_2.5y,base,continuous,fixed,False,functional_worsening_fixed_raw,cmm4_change_raw,cmm4_change_raw,0.187723470629309,0.035188444249458,9.564755471846648e-08,8051,8029,True,,observed_interval_change_within_interval_subset,not_applicable_to_observed_interval_change,True,
elsa,continuous_interval_le_1.5y,base,continuous,fixed,False,cognitive_worsening_fixed_raw,cmm4_change_raw,cmm4_change_raw,0.1155686432147519,0.129646084194563,0.3727058327719875,524,513,True,,observed_interval_change_within_interval_subset,not_applicable_to_observed_interval_change,False,
elsa,continuous_interval_le_1.5y,base,continuous,fixed,False,functional_worsening_fixed_raw,cmm4_change_raw,cmm4_change_raw,-0.0919792861721058,0.1426233232263411,0.5189851529234847,590,577,True,,observed_interval_change_within_interval_subset,not_applicable_to_observed_interval_change,False,
hrs,continuous_interval_le_1.5y,base,continuous,fixed,False,cognitive_worsening_fixed_raw,cmm4_change_raw,cmm4_change_raw,0.0458741851899342,0.0208144123272375,0.0275269782109009,14649,12219,True,,observed_interval_change_within_interval_subset,not_applicable_to_observed_interval_change,True,
hrs,continuous_interval_le_1.5y,base,continuous,fixed,False,functional_worsening_fixed_raw,cmm4_change_raw,cmm4_change_raw,0.183172400652314,0.0246825601182593,1.1612834503034832e-13,14343,12011,True,,observed_interval_change_within_interval_subset,not_applicable_to_observed_interval_change,True,
share,continuous_interval_le_1.5y,base,continuous,fixed,False,cognitive_worsening_fixed_raw,cmm4_change_raw,cmm4_change_raw,0.0584880626686874,0.0244622904875718,0.0168049362704085,5294,5294,True,,observed_interval_change_within_interval_subset,not_applicable_to_observed_interval_change,True,
share,continuous_interval_le_1.5y,base,continuous,fixed,False,functional_worsening_fixed_raw,cmm4_change_raw,cmm4_change_raw,0.1427464118814838,0.0361791157586984,7.96179182986003e-05,5756,5756,True,,observed_interval_change_within_interval_subset,not_applicable_to_observed_interval_change,True,
charls,continuous_sustained_diagnosis,base,continuous,fixed,False,cognitive_worsening_fixed_raw,cmm4_change_sustained_raw,cmm4_change_sustained_raw,-0.0063459961281858,0.0247909230056463,0.7979657929409121,34298,15031,True,,observed_interval_change_with_sustained_new_diagnosis,requires_observed_confirmation_and_is_survivor_selected,True,
charls,continuous_sustained_diagnosis,base,continuous,fixed,False,functional_worsening_fixed_raw,cmm4_change_sustained_raw,cmm4_change_sustained_raw,0.1465457113974382,0.0254908604560984,8.979875867248396e-09,55608,20708,True,,observed_interval_change_with_sustained_new_diagnosis,requires_observed_confirmation_and_is_survivor_selected,True,
charls,continuous_sustained_diagnosis,base,continuous,wave,False,cognitive_worsening_wave_raw,cmm4_change_sustained_raw,cmm4_change_sustained_raw,0.0054733086804255,0.0249988963320256,0.8266952188434367,34298,15031,True,,observed_interval_change_with_sustained_new_diagnosis,requires_observed_confirmation_and_is_survivor_selected,True,
charls,continuous_sustained_diagnosis,base,continuous,wave,False,functional_worsening_wave_raw,cmm4_change_sustained_raw,cmm4_change_sustained_raw,0.1554456060191251,0.0247941284598496,3.6232023305815837e-10,55608,20708,True,,observed_interval_change_with_sustained_new_diagnosis,requires_observed_confirmation_and_is_survivor_selected,True,
elsa,continuous_sustained_diagnosis,base,continuous,fixed,False,cognitive_worsening_fixed_raw,cmm4_change_sustained_raw,cmm4_change_sustained_raw,0.0572611252615622,0.0538136638663496,0.2873001890455696,44185,11172,True,,observed_interval_change_with_sustained_new_diagnosis,requires_observed_confirmation_and_is_survivor_selected,False,
elsa,continuous_sustained_diagnosis,base,continuous,fixed,False,functional_worsening_fixed_raw,cmm4_change_sustained_raw,cmm4_change_sustained_raw,0.3228718447508861,0.0930240345426822,0.000518826718567,47149,11743,True,,observed_interval_change_with_sustained_new_diagnosis,requires_observed_confirmation_and_is_survivor_selected,False,
elsa,continuous_sustained_diagnosis,base,continuous,wave,False,cognitive_worsening_wave_raw,cmm4_change_sustained_raw,cmm4_change_sustained_raw,0.0548214186971778,0.0526127970764143,0.2974215120628305,44185,11172,True,,observed_interval_change_with_sustained_new_diagnosis,requires_observed_confirmation_and_is_survivor_selected,False,
elsa,continuous_sustained_diagnosis,base,continuous,wave,False,functional_worsening_wave_raw,cmm4_change_sustained_raw,cmm4_change_sustained_raw,0.282433246574283,0.0825630679913146,0.0006243304946271,47149,11743,True,,observed_interval_change_with_sustained_new_diagnosis,requires_observed_confirmation_and_is_survivor_selected,False,
hrs,continuous_sustained_diagnosis,base,continuous,fixed,False,cognitive_worsening_fixed_raw,cmm4_change_sustained_raw,cmm4_change_sustained_raw,0.0689314550572135,0.0184911493635518,0.0001931524138801,151373,30285,True,,observed_interval_change_with_sustained_new_diagnosis,requires_observed_confirmation_and_is_survivor_selected,True,
hrs,continuous_sustained_diagnosis,base,continuous,fixed,False,functional_worsening_fixed_raw,cmm4_change_sustained_raw,cmm4_change_sustained_raw,0.2003535097709426,0.0259149782367916,1.0654944111835836e-14,144319,30490,True,,observed_interval_change_with_sustained_new_diagnosis,requires_observed_confirmation_and_is_survivor_selected,True,
hrs,continuous_sustained_diagnosis,base,continuous,wave,False,cognitive_worsening_wave_raw,cmm4_change_sustained_raw,cmm4_change_sustained_raw,0.0705162264115272,0.0193561979025653,0.00026939241622,151373,30285,True,,observed_interval_change_with_sustained_new_diagnosis,requires_observed_confirmation_and_is_survivor_selected,True,
hrs,continuous_sustained_diagnosis,base,continuous,wave,False,functional_worsening_wave_raw,cmm4_change_sustained_raw,cmm4_change_sustained_raw,0.1986570003582775,0.0255852440765964,8.195851325898248e-15,144319,30490,True,,observed_interval_change_with_sustained_new_diagnosis,requires_observed_confirmation_and_is_survivor_selected,True,
klosa,continuous_sustained_diagnosis,base,continuous,fixed,False,cognitive_worsening_fixed_raw,cmm4_change_sustained_raw,cmm4_change_sustained_raw,0.0091403222175063,0.0671960781007001,0.8918018034575879,25646,8107,True,,observed_interval_change_with_sustained_new_diagnosis,requires_observed_confirmation_and_is_survivor_selected,True,
klosa,continuous_sustained_diagnosis,base,continuous,fixed,False,functional_worsening_fixed_raw,cmm4_change_sustained_raw,cmm4_change_sustained_raw,0.2701331593506066,0.1207913938927982,0.0253281353171781,27782,8413,True,,observed_interval_change_with_sustained_new_diagnosis,requires_observed_confirmation_and_is_survivor_selected,True,
klosa,continuous_sustained_diagnosis,base,continuous,wave,False,cognitive_worsening_wave_raw,cmm4_change_sustained_raw,cmm4_change_sustained_raw,0.0088201254044572,0.0679346838881809,0.8966990009756133,25646,8107,True,,observed_interval_change_with_sustained_new_diagnosis,requires_observed_confirmation_and_is_survivor_selected,True,
klosa,continuous_sustained_diagnosis,base,continuous,wave,False,functional_worsening_wave_raw,cmm4_change_sustained_raw,cmm4_change_sustained_raw,0.2841809539417541,0.1256523285325539,0.0237193486292673,27782,8413,True,,observed_interval_change_with_sustained_new_diagnosis,requires_observed_confirmation_and_is_survivor_selected,True,
mhas,continuous_sustained_diagnosis,base,continuous,fixed,False,cognitive_worsening_fixed_raw,cmm4_change_sustained_raw,cmm4_change_sustained_raw,0.0025994835350121,0.0630728720831526,0.9671253157109666,21016,12632,True,,observed_interval_change_with_sustained_new_diagnosis,requires_observed_confirmation_and_is_survivor_selected,True,
mhas,continuous_sustained_diagnosis,base,continuous,fixed,False,functional_worsening_fixed_raw,cmm4_change_sustained_raw,cmm4_change_sustained_raw,0.3830872091435083,0.1325598757777837,0.0038534197543152,18660,11512,True,,observed_interval_change_with_sustained_new_diagnosis,requires_observed_confirmation_and_is_survivor_selected,True,
mhas,continuous_sustained_diagnosis,base,continuous,wave,False,cognitive_worsening_wave_raw,cmm4_change_sustained_raw,cmm4_change_sustained_raw,-0.0011851017901962,0.0593241488653006,0.9840619452345682,21016,12632,True,,observed_interval_change_with_sustained_new_diagnosis,requires_observed_confirmation_and_is_survivor_selected,True,
mhas,continuous_sustained_diagnosis,base,continuous,wave,False,functional_worsening_wave_raw,cmm4_change_sustained_raw,cmm4_change_sustained_raw,0.3365336026482921,0.1153467625905758,0.0035275723274437,18660,11512,True,,observed_interval_change_with_sustained_new_diagnosis,requires_observed_confirmation_and_is_survivor_selected,True,
share,continuous_sustained_diagnosis,base,continuous,fixed,False,cognitive_worsening_fixed_raw,cmm4_change_sustained_raw,cmm4_change_sustained_raw,0.0507051470133644,0.0275190238512638,0.0653949012275214,89822,51170,True,,observed_interval_change_with_sustained_new_diagnosis,requires_observed_confirmation_and_is_survivor_selected,True,
share,continuous_sustained_diagnosis,base,continuous,fixed,False,functional_worsening_fixed_raw,cmm4_change_sustained_raw,cmm4_change_sustained_raw,0.1519352938140037,0.0365092703796283,3.1608947249499914e-05,98960,55705,True,,observed_interval_change_with_sustained_new_diagnosis,requires_observed_confirmation_and_is_survivor_selected,True,
share,continuous_sustained_diagnosis,base,continuous,wave,False,cognitive_worsening_wave_raw,cmm4_change_sustained_raw,cmm4_change_sustained_raw,0.1333364985886641,0.0277431109172042,1.5389370083254737e-06,89822,51170,True,,observed_interval_change_with_sustained_new_diagnosis,requires_observed_confirmation_and_is_survivor_selected,True,
share,continuous_sustained_diagnosis,base,continuous,wave,False,functional_worsening_wave_raw,cmm4_change_sustained_raw,cmm4_change_sustained_raw,0.15731744064415,0.0337807978274501,3.208382168316689e-06,98960,55705,True,,observed_interval_change_with_sustained_new_diagnosis,requires_observed_confirmation_and_is_survivor_selected,True,
charls,transition_gee,mental_health,legacy,fixed,False,any_cognitive,cmm4_start,cmm4_start,-0.0104943598132209,0.0240838232716072,0.6630231311516208,24875,11927,True,"depression,psychiatric",survivor_conditional_domain_transition,observed_living_endpoint_survivor_conditional_model,True,
charls,transition_gee,mental_health,legacy,fixed,False,any_functional,cmm4_start,cmm4_start,0.2941373221112137,0.0317193725654361,1.8079094417629975e-20,24875,11927,True,"depression,psychiatric",survivor_conditional_domain_transition,observed_living_endpoint_survivor_conditional_model,True,
charls,transition_gee,mental_health,legacy,fixed,False,cognitive_only,cmm4_start,cmm4_start,-0.0610821214968477,0.0252409608694617,0.0155222045796863,24875,11927,True,"depression,psychiatric",survivor_conditional_domain_transition,observed_living_endpoint_survivor_conditional_model,True,
charls,transition_gee,mental_health,legacy,fixed,False,functional_only,cmm4_start,cmm4_start,0.2957960061946655,0.036001450167747,2.1000969270550822e-16,24875,11927,True,"depression,psychiatric",survivor_conditional_domain_transition,observed_living_endpoint_survivor_conditional_model,True,
charls,transition_gee,mental_health,legacy,fixed,False,joint,cmm4_start,cmm4_start,0.2270999619380954,0.0552261757161644,3.919409295039594e-05,24875,11927,True,"depression,psychiatric",survivor_conditional_domain_transition,observed_living_endpoint_survivor_conditional_model,True,
charls,transition_gee,mental_health,legacy,fixed,False,death,cmm4_start,cmm4_start,0.1866810752512866,0.0763270035800182,0.0144528577560531,25332,12116,True,"depression,psychiatric",death_transition,validated_binary_death_endpoint,True,
elsa,transition_gee,mental_health,legacy,fixed,False,any_cognitive,cmm4_start,cmm4_start,0.0324837179575198,0.0233743184281307,0.1646144370334332,38138,10969,True,"depression,psychiatric",survivor_conditional_domain_transition,observed_living_endpoint_survivor_conditional_model,False,
elsa,transition_gee,mental_health,legacy,fixed,False,any_functional,cmm4_start,cmm4_start,0.3283044371485648,0.0301500418822895,1.3003061818677695e-27,38138,10969,True,"depression,psychiatric",survivor_conditional_domain_transition,observed_living_endpoint_survivor_conditional_model,False,
elsa,transition_gee,mental_health,legacy,fixed,False,cognitive_only,cmm4_start,cmm4_start,-0.0013194202715643,0.0245074660356984,0.9570646461667304,38138,10969,True,"depression,psychiatric",survivor_conditional_domain_transition,observed_living_endpoint_survivor_conditional_model,False,
elsa,transition_gee,mental_health,legacy,fixed,False,functional_only,cmm4_start,cmm4_start,0.3328334877976895,0.0329036754651537,4.7213609895541474e-24,38138,10969,True,"depression,psychiatric",survivor_conditional_domain_transition,observed_living_endpoint_survivor_conditional_model,False,
elsa,transition_gee,mental_health,legacy,fixed,False,joint,cmm4_start,cmm4_start,0.2259365303865966,0.0587171173699557,0.0001191434835423,38138,10969,True,"depression,psychiatric",survivor_conditional_domain_transition,observed_living_endpoint_survivor_conditional_model,False,
hrs,transition_gee,mental_health,legacy,fixed,False,any_cognitive,cmm4_start,cmm4_start,0.0764517011707128,0.0119123120875225,1.381918372386584e-10,92321,23414,True,"depression,psychiatric",survivor_conditional_domain_transition,observed_living_endpoint_survivor_conditional_model,True,
hrs,transition_gee,mental_health,legacy,fixed,False,any_functional,cmm4_start,cmm4_start,0.3405180553467009,0.019336128979075,2.0478734868384776e-69,92321,23414,True,"depression,psychiatric",survivor_conditional_domain_transition,observed_living_endpoint_survivor_conditional_model,True,
hrs,transition_gee,mental_health,legacy,fixed,False,cognitive_only,cmm4_start,cmm4_start,0.0368153884206579,0.012197121613929,0.0025414099331355,92321,23414,True,"depression,psychiatric",survivor_conditional_domain_transition,observed_living_endpoint_survivor_conditional_model,True,
hrs,transition_gee,mental_health,legacy,fixed,False,functional_only,cmm4_start,cmm4_start,0.301983262564541,0.0223871094270683,1.8115690346433955e-41,92321,23414,True,"depression,psychiatric",survivor_conditional_domain_transition,observed_living_endpoint_survivor_conditional_model,True,
hrs,transition_gee,mental_health,legacy,fixed,False,joint,cmm4_start,cmm4_start,0.3619060899267831,0.0322744017313774,3.5042854313821474e-29,92321,23414,True,"depression,psychiatric",survivor_conditional_domain_transition,observed_living_endpoint_survivor_conditional_model,True,
hrs,transition_gee,mental_health,legacy,fixed,False,death,cmm4_start,cmm4_start,0.3356292261101345,0.0212306127196744,2.708314307132742e-56,94913,24045,True,"depression,psychiatric",death_transition,validated_binary_death_endpoint,True,
klosa,transition_gee,mental_health,legacy,fixed,False,any_cognitive,cmm4_start,cmm4_start,0.0278021504622136,0.0304049913591546,0.360509701513564,19688,7017,True,"depression,psychiatric",survivor_conditional_domain_transition,observed_living_endpoint_survivor_conditional_model,True,
klosa,transition_gee,mental_health,legacy,fixed,False,any_functional,cmm4_start,cmm4_start,0.2414235479288961,0.0550531322906048,1.1583524896934696e-05,19688,7017,True,"depression,psychiatric",survivor_conditional_domain_transition,observed_living_endpoint_survivor_conditional_model,True,
klosa,transition_gee,mental_health,legacy,fixed,False,cognitive_only,cmm4_start,cmm4_start,-0.0055459264036187,0.0315151168498454,0.8603122439831664,19688,7017,True,"depression,psychiatric",survivor_conditional_domain_transition,observed_living_endpoint_survivor_conditional_model,True,
klosa,transition_gee,mental_health,legacy,fixed,False,functional_only,cmm4_start,cmm4_start,0.2418692613434967,0.0725937798479357,0.0008628066673224,19688,7017,True,"depression,psychiatric",survivor_conditional_domain_transition,observed_living_endpoint_survivor_conditional_model,True,
klosa,transition_gee,mental_health,legacy,fixed,False,joint,cmm4_start,cmm4_start,0.2343691575765627,0.0782802728245234,0.0027536876324439,19688,7017,True,"depression,psychiatric",survivor_conditional_domain_transition,observed_living_endpoint_survivor_conditional_model,True,
klosa,transition_gee,mental_health,legacy,fixed,False,death,cmm4_start,cmm4_start,0.0811658994939752,0.0480782632638188,0.0913721429483755,20195,7184,True,"depression,psychiatric",death_transition,validated_binary_death_endpoint,True,
mhas,transition_gee,mental_health,legacy,fixed,False,any_cognitive,cmm4_start,cmm4_start,0.0291124313202833,0.0340580032121714,0.392667565544343,12772,8451,True,depression,survivor_conditional_domain_transition,observed_living_endpoint_survivor_conditional_model,True,
mhas,transition_gee,mental_health,legacy,fixed,False,any_functional,cmm4_start,cmm4_start,0.4356931253775224,0.0451081812514284,4.509000015814893e-22,12772,8451,True,depression,survivor_conditional_domain_transition,observed_living_endpoint_survivor_conditional_model,True,
mhas,transition_gee,mental_health,legacy,fixed,False,cognitive_only,cmm4_start,cmm4_start,-0.0522702483311773,0.0358042216810769,0.144320130337962,12772,8451,True,depression,survivor_conditional_domain_transition,observed_living_endpoint_survivor_conditional_model,True,
mhas,transition_gee,mental_health,legacy,fixed,False,functional_only,cmm4_start,cmm4_start,0.4059266835388624,0.0530302463436772,1.9387618060805613e-14,12772,8451,True,depression,survivor_conditional_domain_transition,observed_living_endpoint_survivor_conditional_model,True,
mhas,transition_gee,mental_health,legacy,fixed,False,joint,cmm4_start,cmm4_start,0.4707545566571987,0.0765329039685025,7.699170463165856e-10,12772,8451,True,depression,survivor_conditional_domain_transition,observed_living_endpoint_survivor_conditional_model,True,
mhas,transition_gee,mental_health,legacy,fixed,False,death,cmm4_start,cmm4_start,0.3420758781401687,0.095337441493189,0.0003331554350377,13149,8713,True,depression,death_transition,validated_binary_death_endpoint,True,
share,transition_gee,mental_health,legacy,fixed,False,any_cognitive,cmm4_start,cmm4_start,0.059147009402764,0.0152647510926805,0.0001067366558848,70776,42766,True,"depression,psychiatric",survivor_conditional_domain_transition,observed_living_endpoint_survivor_conditional_model,True,
share,transition_gee,mental_health,legacy,fixed,False,any_functional,cmm4_start,cmm4_start,0.3464420499780514,0.0251144491401461,2.7493466686446114e-43,70776,42766,True,"depression,psychiatric",survivor_conditional_domain_transition,observed_living_endpoint_survivor_conditional_model,True,
share,transition_gee,mental_health,legacy,fixed,False,cognitive_only,cmm4_start,cmm4_start,0.0225500536725411,0.0158266728652263,0.1542111825677633,70776,42766,True,"depression,psychiatric",survivor_conditional_domain_transition,observed_living_endpoint_survivor_conditional_model,True,
share,transition_gee,mental_health,legacy,fixed,False,functional_only,cmm4_start,cmm4_start,0.3308443463777434,0.0292160664491502,9.974865379892383e-30,70776,42766,True,"depression,psychiatric",survivor_conditional_domain_transition,observed_living_endpoint_survivor_conditional_model,True,
share,transition_gee,mental_health,legacy,fixed,False,joint,cmm4_start,cmm4_start,0.3439647573595707,0.0447238261985292,1.4614746344211366e-14,70776,42766,True,"depression,psychiatric",survivor_conditional_domain_transition,observed_living_endpoint_survivor_conditional_model,True,
share,transition_gee,mental_health,legacy,fixed,False,death,cmm4_start,cmm4_start,0.2499669348717563,0.0190805780972736,3.266845134391292e-39,74712,44930,True,"depression,psychiatric",death_transition,validated_binary_death_endpoint,True,
charls,binary_domain_interaction,mental_health,legacy,fixed,False,any_domain,cmm4_start,cmm4_start,-0.0104943598132211,0.0240838232716071,0.6630231311516137,49750,11927,True,"depression,psychiatric",survivor_conditional_paired_domain_contrast,observed_living_endpoint_survivor_conditional_model,True,
charls,binary_domain_interaction,mental_health,legacy,fixed,False,any_domain,cmm4_start,"C(domain, Treatment(reference='cognitive'))[T.functional]:cmm4_start",0.3046316819244348,0.0379048701779369,9.225824875214961e-16,49750,11927,True,"depression,psychiatric",survivor_conditional_paired_domain_contrast,observed_living_endpoint_survivor_conditional_model,True,
elsa,binary_domain_interaction,mental_health,legacy,fixed,False,any_domain,cmm4_start,cmm4_start,0.0324837179575197,0.023374318428129,0.1646144370334038,76276,10969,True,"depression,psychiatric",survivor_conditional_paired_domain_contrast,observed_living_endpoint_survivor_conditional_model,False,
elsa,binary_domain_interaction,mental_health,legacy,fixed,False,any_domain,cmm4_start,"C(domain, Treatment(reference='cognitive'))[T.functional]:cmm4_start",0.2958207191910452,0.0371848723300906,1.785464806610566e-15,76276,10969,True,"depression,psychiatric",survivor_conditional_paired_domain_contrast,observed_living_endpoint_survivor_conditional_model,False,
hrs,binary_domain_interaction,mental_health,legacy,fixed,False,any_domain,cmm4_start,cmm4_start,0.0764517011707125,0.0119123120875218,1.3819183723830622e-10,184642,23414,True,"depression,psychiatric",survivor_conditional_paired_domain_contrast,observed_living_endpoint_survivor_conditional_model,True,
hrs,binary_domain_interaction,mental_health,legacy,fixed,False,any_domain,cmm4_start,"C(domain, Treatment(reference='cognitive'))[T.functional]:cmm4_start",0.2640663541759884,0.0216569276034972,3.3805931562048667e-34,184642,23414,True,"depression,psychiatric",survivor_conditional_paired_domain_contrast,observed_living_endpoint_survivor_conditional_model,True,
klosa,binary_domain_interaction,mental_health,legacy,fixed,False,any_domain,cmm4_start,cmm4_start,0.0278021504622135,0.0304049913591542,0.360509701513558,39376,7017,True,"depression,psychiatric",survivor_conditional_paired_domain_contrast,observed_living_endpoint_survivor_conditional_model,True,
klosa,binary_domain_interaction,mental_health,legacy,fixed,False,any_domain,cmm4_start,"C(domain, Treatment(reference='cognitive'))[T.functional]:cmm4_start",0.2136213974666818,0.057361003186802,0.0001959687327003,39376,7017,True,"depression,psychiatric",survivor_conditional_paired_domain_contrast,observed_living_endpoint_survivor_conditional_model,True,
mhas,binary_domain_interaction,mental_health,legacy,fixed,False,any_domain,cmm4_start,cmm4_start,0.0291124313202831,0.0340580032121727,0.3926675655443656,25544,8451,True,depression,survivor_conditional_paired_domain_contrast,observed_living_endpoint_survivor_conditional_model,True,
mhas,binary_domain_interaction,mental_health,legacy,fixed,False,any_domain,cmm4_start,"C(domain, Treatment(reference='cognitive'))[T.functional]:cmm4_start",0.4065806940572397,0.0546086722288953,9.668751613938707e-14,25544,8451,True,depression,survivor_conditional_paired_domain_contrast,observed_living_endpoint_survivor_conditional_model,True,
share,binary_domain_interaction,mental_health,legacy,fixed,False,any_domain,cmm4_start,cmm4_start,0.0591470094027592,0.0152647510926816,0.0001067366558851,141552,42766,True,"depression,psychiatric",survivor_conditional_paired_domain_contrast,observed_living_endpoint_survivor_conditional_model,True,
share,binary_domain_interaction,mental_health,legacy,fixed,False,any_domain,cmm4_start,"C(domain, Treatment(reference='cognitive'))[T.functional]:cmm4_start",0.2872950405752934,0.028252642806614,2.7329731903737707e-24,141552,42766,True,"depression,psychiatric",survivor_conditional_paired_domain_contrast,observed_living_endpoint_survivor_conditional_model,True,
charls,transition_gee,mental_health,strict,fixed,False,any_cognitive,cmm4_start,cmm4_start,-0.0669095123102024,0.0256185201100079,0.0090076578106793,27649,12807,True,"depression,psychiatric",survivor_conditional_domain_transition,observed_living_endpoint_survivor_conditional_model,True,
charls,transition_gee,mental_health,strict,fixed,False,any_functional,cmm4_start,cmm4_start,0.3116505532071921,0.0353590546992039,1.2088476190584094e-18,27649,12807,True,"depression,psychiatric",survivor_conditional_domain_transition,observed_living_endpoint_survivor_conditional_model,True,
elsa,transition_gee,mental_health,strict,fixed,False,any_cognitive,cmm4_start,cmm4_start,0.0207405759455516,0.0236967905074377,0.3814388100996856,40800,11384,True,"depression,psychiatric",survivor_conditional_domain_transition,observed_living_endpoint_survivor_conditional_model,False,
elsa,transition_gee,mental_health,strict,fixed,False,any_functional,cmm4_start,cmm4_start,0.3088955459505373,0.030449986203494,3.5108098695184315e-24,40800,11384,True,"depression,psychiatric",survivor_conditional_domain_transition,observed_living_endpoint_survivor_conditional_model,False,
hrs,transition_gee,mental_health,strict,fixed,False,any_cognitive,cmm4_start,cmm4_start,0.0851840093947071,0.0121110414309147,2.0129682079356968e-12,102747,24907,True,"depression,psychiatric",survivor_conditional_domain_transition,observed_living_endpoint_survivor_conditional_model,True,
hrs,transition_gee,mental_health,strict,fixed,False,any_functional,cmm4_start,cmm4_start,0.3006575084381209,0.0211021517811689,4.6317033229168706e-46,102747,24907,True,"depression,psychiatric",survivor_conditional_domain_transition,observed_living_endpoint_survivor_conditional_model,True,
klosa,transition_gee,mental_health,strict,fixed,False,any_cognitive,cmm4_start,cmm4_start,0.0344810637147797,0.0313721004866177,0.2717246157808645,20903,7224,True,"depression,psychiatric",survivor_conditional_domain_transition,observed_living_endpoint_survivor_conditional_model,True,
klosa,transition_gee,mental_health,strict,fixed,False,any_functional,cmm4_start,cmm4_start,0.2522361805240831,0.062526296749642,5.481627810813535e-05,20903,7224,True,"depression,psychiatric",survivor_conditional_domain_transition,observed_living_endpoint_survivor_conditional_model,True,
mhas,transition_gee,mental_health,strict,fixed,False,any_cognitive,cmm4_start,cmm4_start,0.0297314497418586,0.0345333809579055,0.3892666120083951,14279,9292,True,depression,survivor_conditional_domain_transition,observed_living_endpoint_survivor_conditional_model,True,
mhas,transition_gee,mental_health,strict,fixed,False,any_functional,cmm4_start,cmm4_start,0.4225590221952097,0.0460963864800127,4.8700736209982664e-20,14279,9292,True,depression,survivor_conditional_domain_transition,observed_living_endpoint_survivor_conditional_model,True,
share,transition_gee,mental_health,strict,fixed,False,any_cognitive,cmm4_start,cmm4_start,0.0551404522234808,0.0160026295274325,0.0005695570645776,76387,45534,True,"depression,psychiatric",survivor_conditional_domain_transition,observed_living_endpoint_survivor_conditional_model,True,
share,transition_gee,mental_health,strict,fixed,False,any_functional,cmm4_start,cmm4_start,0.3283988315808437,0.0232626642955898,2.984640642847598e-45,76387,45534,True,"depression,psychiatric",survivor_conditional_domain_transition,observed_living_endpoint_survivor_conditional_model,True,
charls,transition_gee,mental_health,matched_0.15,fixed,False,any_cognitive,cmm4_start,cmm4_start,-0.0893230028974574,0.0323747212936651,0.0057972250388346,27648,12972,True,"depression,psychiatric",survivor_conditional_domain_transition,observed_living_endpoint_survivor_conditional_model,True,
charls,transition_gee,mental_health,matched_0.15,fixed,False,any_functional,cmm4_start,cmm4_start,0.2722707391807847,0.0269450356142902,5.267168142048631e-24,27648,12972,True,"depression,psychiatric",survivor_conditional_domain_transition,observed_living_endpoint_survivor_conditional_model,True,
elsa,transition_gee,mental_health,matched_0.15,fixed,False,any_cognitive,cmm4_start,cmm4_start,0.0290859330688025,0.0237414319627403,0.220532709106298,40575,11476,True,"depression,psychiatric",survivor_conditional_domain_transition,observed_living_endpoint_survivor_conditional_model,False,
elsa,transition_gee,mental_health,matched_0.15,fixed,False,any_functional,cmm4_start,cmm4_start,0.3270220788492448,0.0284966787423685,1.7456330083707644e-30,40575,11476,True,"depression,psychiatric",survivor_conditional_domain_transition,observed_living_endpoint_survivor_conditional_model,False,
hrs,transition_gee,mental_health,matched_0.15,fixed,False,any_cognitive,cmm4_start,cmm4_start,0.0826258612191433,0.0145533077356583,1.3670735732114368e-08,110023,25771,True,"depression,psychiatric",survivor_conditional_domain_transition,observed_living_endpoint_survivor_conditional_model,True,
hrs,transition_gee,mental_health,matched_0.15,fixed,False,any_functional,cmm4_start,cmm4_start,0.2756263272886018,0.0154548153055779,3.825858746708846e-71,110023,25771,True,"depression,psychiatric",survivor_conditional_domain_transition,observed_living_endpoint_survivor_conditional_model,True,
klosa,transition_gee,mental_health,matched_0.15,fixed,False,any_cognitive,cmm4_start,cmm4_start,0.0541636012671034,0.0360213452427007,0.1326707552427776,21105,7255,True,"depression,psychiatric",survivor_conditional_domain_transition,observed_living_endpoint_survivor_conditional_model,True,
klosa,transition_gee,mental_health,matched_0.15,fixed,False,any_functional,cmm4_start,cmm4_start,0.2160726281600179,0.0420265982164329,2.727997995854769e-07,21105,7255,True,"depression,psychiatric",survivor_conditional_domain_transition,observed_living_endpoint_survivor_conditional_model,True,
mhas,transition_gee,mental_health,matched_0.15,fixed,False,any_cognitive,cmm4_start,cmm4_start,0.0361010880451749,0.0387707735814459,0.3517802168340134,15912,10170,True,depression,survivor_conditional_domain_transition,observed_living_endpoint_survivor_conditional_model,True,
mhas,transition_gee,mental_health,matched_0.15,fixed,False,any_functional,cmm4_start,cmm4_start,0.3645901628433498,0.0326926589214832,6.997547506936698e-29,15912,10170,True,depression,survivor_conditional_domain_transition,observed_living_endpoint_survivor_conditional_model,True,
share,transition_gee,mental_health,matched_0.15,fixed,False,any_cognitive,cmm4_start,cmm4_start,0.0542580190771905,0.0188939803681494,0.0040825833527478,75513,45387,True,"depression,psychiatric",survivor_conditional_domain_transition,observed_living_endpoint_survivor_conditional_model,True,
share,transition_gee,mental_health,matched_0.15,fixed,False,any_functional,cmm4_start,cmm4_start,0.2748691477302623,0.0160759076650096,1.5304862943803857e-65,75513,45387,True,"depression,psychiatric",survivor_conditional_domain_transition,observed_living_endpoint_survivor_conditional_model,True,
charls,transition_gee,base,matched_0.20,fixed,False,any_cognitive,cmm4_start,cmm4_start,-0.0812955970495688,0.030569528742859,0.0078287624502917,25237,12215,True,,survivor_conditional_domain_transition,observed_living_endpoint_survivor_conditional_model,True,
charls,transition_gee,mental_health,matched_0.20,fixed,False,any_cognitive,cmm4_start,cmm4_start,-0.0977546154765599,0.0308280429950137,0.0015193395484664,25179,12204,True,"depression,psychiatric",survivor_conditional_domain_transition,observed_living_endpoint_survivor_conditional_model,True,
charls,transition_gee,lifestyle,matched_0.20,fixed,False,any_cognitive,cmm4_start,cmm4_start,-0.0658929589204957,0.0645781994405794,0.3075581436864104,6145,4706,True,"depression,psychiatric,smoking,bmi,physical_activity,alcohol",survivor_conditional_domain_transition,observed_living_endpoint_survivor_conditional_model,True,
charls,transition_gee,socioeconomic,matched_0.20,fixed,False,any_cognitive,cmm4_start,cmm4_start,-0.0429645379423553,0.0706528053079192,0.5431158296743351,5057,4073,True,"depression,psychiatric,smoking,bmi,physical_activity,alcohol,wealth,marital",survivor_conditional_domain_transition,observed_living_endpoint_survivor_conditional_model,True,
charls,transition_gee,base,matched_0.20,fixed,False,any_functional,cmm4_start,cmm4_start,0.2692573649075732,0.0243470342432845,1.979772196922554e-28,25237,12215,True,,survivor_conditional_domain_transition,observed_living_endpoint_survivor_conditional_model,True,
charls,transition_gee,mental_health,matched_0.20,fixed,False,any_functional,cmm4_start,cmm4_start,0.2307749924678283,0.0249052333024757,1.9303243419668643e-20,25179,12204,True,"depression,psychiatric",survivor_conditional_domain_transition,observed_living_endpoint_survivor_conditional_model,True,
charls,transition_gee,lifestyle,matched_0.20,fixed,False,any_functional,cmm4_start,cmm4_start,0.3136542081984694,0.0533800448223743,4.20628130160653e-09,6145,4706,True,"depression,psychiatric,smoking,bmi,physical_activity,alcohol",survivor_conditional_domain_transition,observed_living_endpoint_survivor_conditional_model,True,
charls,transition_gee,socioeconomic,matched_0.20,fixed,False,any_functional,cmm4_start,cmm4_start,0.2798605870558675,0.0585060619670301,1.723152147089428e-06,5057,4073,True,"depression,psychiatric,smoking,bmi,physical_activity,alcohol,wealth,marital",survivor_conditional_domain_transition,observed_living_endpoint_survivor_conditional_model,True,
elsa,transition_gee,base,matched_0.20,fixed,False,any_cognitive,cmm4_start,cmm4_start,0.0312387074808222,0.0232215399473366,0.1785454754577191,36540,10891,True,,survivor_conditional_domain_transition,observed_living_endpoint_survivor_conditional_model,False,
elsa,transition_gee,mental_health,matched_0.20,fixed,False,any_cognitive,cmm4_start,cmm4_start,0.0167379209274534,0.0232990086613019,0.4725129857612661,36508,10887,True,"depression,psychiatric",survivor_conditional_domain_transition,observed_living_endpoint_survivor_conditional_model,False,
elsa,transition_gee,base,matched_0.20,fixed,False,any_functional,cmm4_start,cmm4_start,0.3697721182528006,0.0265951094593818,6.009626461791367e-44,36540,10891,True,,survivor_conditional_domain_transition,observed_living_endpoint_survivor_conditional_model,False,
elsa,transition_gee,mental_health,matched_0.20,fixed,False,any_functional,cmm4_start,cmm4_start,0.3329235062944355,0.0266873450903701,1.0226024365617552e-35,36508,10887,True,"depression,psychiatric",survivor_conditional_domain_transition,observed_living_endpoint_survivor_conditional_model,False,
hrs,transition_gee,base,matched_0.20,fixed,False,any_cognitive,cmm4_start,cmm4_start,0.0834322018479953,0.0141590615447433,3.804072050263417e-09,98847,24279,True,,survivor_conditional_domain_transition,observed_living_endpoint_survivor_conditional_model,True,
hrs,transition_gee,mental_health,matched_0.20,fixed,False,any_cognitive,cmm4_start,cmm4_start,0.0674483048697006,0.0142368092585363,2.1626434740365853e-06,98829,24278,True,"depression,psychiatric",survivor_conditional_domain_transition,observed_living_endpoint_survivor_conditional_model,True,
hrs,transition_gee,lifestyle,matched_0.20,fixed,False,any_cognitive,cmm4_start,cmm4_start,0.0719761864799043,0.0163595818384117,1.0843317661073848e-05,78830,21631,True,"depression,psychiatric,smoking,bmi,physical_activity,alcohol",survivor_conditional_domain_transition,observed_living_endpoint_survivor_conditional_model,True,
hrs,transition_gee,base,matched_0.20,fixed,False,any_functional,cmm4_start,cmm4_start,0.327332128565126,0.0144612264797195,1.9536830182491427e-113,98847,24279,True,,survivor_conditional_domain_transition,observed_living_endpoint_survivor_conditional_model,True,
hrs,transition_gee,mental_health,matched_0.20,fixed,False,any_functional,cmm4_start,cmm4_start,0.2773245459189828,0.0146087967946854,2.339813019464321e-80,98829,24278,True,"depression,psychiatric",survivor_conditional_domain_transition,observed_living_endpoint_survivor_conditional_model,True,
hrs,transition_gee,lifestyle,matched_0.20,fixed,False,any_functional,cmm4_start,cmm4_start,0.2077101079700775,0.0170141291318305,2.8140022651068015e-34,78830,21631,True,"depression,psychiatric,smoking,bmi,physical_activity,alcohol",survivor_conditional_domain_transition,observed_living_endpoint_survivor_conditional_model,True,
klosa,transition_gee,base,matched_0.20,fixed,False,any_cognitive,cmm4_start,cmm4_start,0.0408023490802473,0.0336149055873075,0.2248175537595009,19876,7023,True,,survivor_conditional_domain_transition,observed_living_endpoint_survivor_conditional_model,True,
klosa,transition_gee,mental_health,matched_0.20,fixed,False,any_cognitive,cmm4_start,cmm4_start,0.0273727086640823,0.0334512536908234,0.4131936237735129,19829,7021,True,"depression,psychiatric",survivor_conditional_domain_transition,observed_living_endpoint_survivor_conditional_model,True,
klosa,transition_gee,lifestyle,matched_0.20,fixed,False,any_cognitive,cmm4_start,cmm4_start,0.0511677041069814,0.0346357456430367,0.1395927852202644,19605,6965,True,"depression,psychiatric,smoking,bmi,physical_activity,alcohol",survivor_conditional_domain_transition,observed_living_endpoint_survivor_conditional_model,True,
klosa,transition_gee,socioeconomic,matched_0.20,fixed,False,any_cognitive,cmm4_start,cmm4_start,0.051772517366759,0.0346384860169689,0.1350050239294334,19493,6949,True,"depression,psychiatric,smoking,bmi,physical_activity,alcohol,wealth,marital",survivor_conditional_domain_transition,observed_living_endpoint_survivor_conditional_model,True,
klosa,transition_gee,base,matched_0.20,fixed,False,any_functional,cmm4_start,cmm4_start,0.2286393260866504,0.0459917462233754,6.65012842302151e-07,19876,7023,True,,survivor_conditional_domain_transition,observed_living_endpoint_survivor_conditional_model,True,
klosa,transition_gee,mental_health,matched_0.20,fixed,False,any_functional,cmm4_start,cmm4_start,0.2248902929427871,0.0454447847164673,7.473033339504803e-07,19829,7021,True,"depression,psychiatric",survivor_conditional_domain_transition,observed_living_endpoint_survivor_conditional_model,True,
klosa,transition_gee,lifestyle,matched_0.20,fixed,False,any_functional,cmm4_start,cmm4_start,0.2487706523811253,0.0469921866123301,1.1975283043118998e-07,19605,6965,True,"depression,psychiatric,smoking,bmi,physical_activity,alcohol",survivor_conditional_domain_transition,observed_living_endpoint_survivor_conditional_model,True,
klosa,transition_gee,socioeconomic,matched_0.20,fixed,False,any_functional,cmm4_start,cmm4_start,0.2486659712345986,0.0472310241449372,1.4027615722678166e-07,19493,6949,True,"depression,psychiatric,smoking,bmi,physical_activity,alcohol,wealth,marital",survivor_conditional_domain_transition,observed_living_endpoint_survivor_conditional_model,True,
mhas,transition_gee,base,matched_0.20,fixed,False,any_cognitive,cmm4_start,cmm4_start,-0.0185385269050141,0.0375501181879723,0.6215174340347609,14108,9298,True,,survivor_conditional_domain_transition,observed_living_endpoint_survivor_conditional_model,True,
mhas,transition_gee,mental_health,matched_0.20,fixed,False,any_cognitive,cmm4_start,cmm4_start,-0.0357377474225433,0.037855836668627,0.3451448431031524,14107,9298,True,depression,survivor_conditional_domain_transition,observed_living_endpoint_survivor_conditional_model,True,
mhas,transition_gee,lifestyle,matched_0.20,fixed,False,any_cognitive,cmm4_start,cmm4_start,0.0082071858301305,0.0415831019146426,0.8435393403267115,12918,8738,True,"depression,smoking,bmi,physical_activity,alcohol",survivor_conditional_domain_transition,observed_living_endpoint_survivor_conditional_model,True,
mhas,transition_gee,base,matched_0.20,fixed,False,any_functional,cmm4_start,cmm4_start,0.400729882916359,0.0327228835464246,1.7612618153783087e-34,14108,9298,True,,survivor_conditional_domain_transition,observed_living_endpoint_survivor_conditional_model,True,
mhas,transition_gee,mental_health,matched_0.20,fixed,False,any_functional,cmm4_start,cmm4_start,0.3534933284142826,0.0330558975247234,1.0881300184701431e-26,14107,9298,True,depression,survivor_conditional_domain_transition,observed_living_endpoint_survivor_conditional_model,True,
mhas,transition_gee,lifestyle,matched_0.20,fixed,False,any_functional,cmm4_start,cmm4_start,0.2913633235065529,0.0357464191689182,3.6140667278296623e-16,12918,8738,True,"depression,smoking,bmi,physical_activity,alcohol",survivor_conditional_domain_transition,observed_living_endpoint_survivor_conditional_model,True,
share,transition_gee,base,matched_0.20,fixed,False,any_cognitive,cmm4_start,cmm4_start,0.046046156997417,0.0173520957076717,0.0079629522746841,71680,43523,True,,survivor_conditional_domain_transition,observed_living_endpoint_survivor_conditional_model,True,
share,transition_gee,mental_health,matched_0.20,fixed,False,any_cognitive,cmm4_start,cmm4_start,0.0317347534034679,0.0174633155517923,0.069182845517704,71675,43519,True,"depression,psychiatric",survivor_conditional_domain_transition,observed_living_endpoint_survivor_conditional_model,True,
share,transition_gee,lifestyle,matched_0.20,fixed,False,any_cognitive,cmm4_start,cmm4_start,0.0397671636449726,0.0204004986897726,0.0512568498798435,60463,41476,True,"depression,psychiatric,smoking,bmi,physical_activity,alcohol",survivor_conditional_domain_transition,observed_living_endpoint_survivor_conditional_model,True,
share,transition_gee,socioeconomic,matched_0.20,fixed,False,any_cognitive,cmm4_start,cmm4_start,0.0337189571317842,0.0205126484634085,0.1002148460739366,60134,41262,True,"depression,psychiatric,smoking,bmi,physical_activity,alcohol,wealth,marital",survivor_conditional_domain_transition,observed_living_endpoint_survivor_conditional_model,True,
share,transition_gee,base,matched_0.20,fixed,False,any_functional,cmm4_start,cmm4_start,0.3385431942438721,0.0162781438393848,4.5684166285081695e-96,71680,43523,True,,survivor_conditional_domain_transition,observed_living_endpoint_survivor_conditional_model,True,
share,transition_gee,mental_health,matched_0.20,fixed,False,any_functional,cmm4_start,cmm4_start,0.2860521493459287,0.0165177991112751,3.4523351892216966e-67,71675,43519,True,"depression,psychiatric",survivor_conditional_domain_transition,observed_living_endpoint_survivor_conditional_model,True,
share,transition_gee,lifestyle,matched_0.20,fixed,False,any_functional,cmm4_start,cmm4_start,0.2226471259981401,0.0192557838638969,6.374119139371087e-31,60463,41476,True,"depression,psychiatric,smoking,bmi,physical_activity,alcohol",survivor_conditional_domain_transition,observed_living_endpoint_survivor_conditional_model,True,
share,transition_gee,socioeconomic,matched_0.20,fixed,False,any_functional,cmm4_start,cmm4_start,0.2169071657718161,0.0193293481745624,3.192600939819854e-29,60134,41262,True,"depression,psychiatric,smoking,bmi,physical_activity,alcohol,wealth,marital",survivor_conditional_domain_transition,observed_living_endpoint_survivor_conditional_model,True,
charls,transition_gee,mental_health,matched_0.20,fixed,False,any_cognitive,cmm5_start,cmm5_start,-0.1214864287686448,0.0254182184711062,1.7572982980722522e-06,24933,12144,True,"depression,psychiatric",survivor_conditional_domain_transition,observed_living_endpoint_survivor_conditional_model,True,
charls,transition_gee,mental_health,matched_0.20,fixed,False,any_functional,cmm5_start,cmm5_start,0.1884909176442513,0.0197771484029365,1.5616159045338688e-21,24933,12144,True,"depression,psychiatric",survivor_conditional_domain_transition,observed_living_endpoint_survivor_conditional_model,True,
elsa,transition_gee,mental_health,matched_0.20,fixed,False,any_cognitive,cmm5_start,cmm5_start,0.0258265938458101,0.0193469358170478,0.1819028308921123,30868,9287,True,"depression,psychiatric",survivor_conditional_domain_transition,observed_living_endpoint_survivor_conditional_model,False,
elsa,transition_gee,mental_health,matched_0.20,fixed,False,any_functional,cmm5_start,cmm5_start,0.2270706048861643,0.022783880596465,2.140912639418278e-23,30868,9287,True,"depression,psychiatric",survivor_conditional_domain_transition,observed_living_endpoint_survivor_conditional_model,False,
hrs,transition_gee,mental_health,matched_0.20,fixed,False,any_cognitive,cmm5_start,cmm5_start,0.0117764055122854,0.0193070542086295,0.5418926033152831,29493,14398,True,"depression,psychiatric",survivor_conditional_domain_transition,observed_living_endpoint_survivor_conditional_model,True,
hrs,transition_gee,mental_health,matched_0.20,fixed,False,any_functional,cmm5_start,cmm5_start,0.2267196980999335,0.0197940044563692,2.246482081411902e-30,29493,14398,True,"depression,psychiatric",survivor_conditional_domain_transition,observed_living_endpoint_survivor_conditional_model,True,
share,transition_gee,mental_health,matched_0.20,fixed,False,any_cognitive,cmm5_start,cmm5_start,-0.000593602016681,0.0138563275790669,0.9658292537120804,71675,43519,True,"depression,psychiatric",survivor_conditional_domain_transition,observed_living_endpoint_survivor_conditional_model,True,
share,transition_gee,mental_health,matched_0.20,fixed,False,any_functional,cmm5_start,cmm5_start,0.1928371452083777,0.0131967241038756,2.3377574981368585e-48,71675,43519,True,"depression,psychiatric",survivor_conditional_domain_transition,observed_living_endpoint_survivor_conditional_model,True,
charls,transition_gee,mental_health,matched_0.20,fixed,False,cognitive_only,cmm4_start,cmm4_start,-0.1418660240942423,0.0340662211655875,3.121461995822861e-05,25179,12204,True,"depression,psychiatric",survivor_conditional_domain_transition,observed_living_endpoint_survivor_conditional_model,True,
charls,transition_gee,mental_health,matched_0.20,fixed,False,functional_only,cmm4_start,cmm4_start,0.253270385316012,0.026051682099348,2.43334621822332e-22,25179,12204,True,"depression,psychiatric",survivor_conditional_domain_transition,observed_living_endpoint_survivor_conditional_model,True,
charls,transition_gee,mental_health,matched_0.20,fixed,False,joint,cmm4_start,cmm4_start,0.0515719271980248,0.0583146560824604,0.3764947094058535,25179,12204,True,"depression,psychiatric",survivor_conditional_domain_transition,observed_living_endpoint_survivor_conditional_model,True,
charls,transition_gee,mental_health,matched_0.20,fixed,False,death,cmm4_start,cmm4_start,0.1886309492002149,0.0750743265080577,0.0119848769802936,25671,12417,True,"depression,psychiatric",death_transition,validated_binary_death_endpoint,True,
elsa,transition_gee,mental_health,matched_0.20,fixed,False,cognitive_only,cmm4_start,cmm4_start,-0.0262886967444607,0.024899968588345,0.2910722630040185,36508,10887,True,"depression,psychiatric",survivor_conditional_domain_transition,observed_living_endpoint_survivor_conditional_model,False,
elsa,transition_gee,mental_health,matched_0.20,fixed,False,functional_only,cmm4_start,cmm4_start,0.344767726091117,0.0293574366769014,7.599778320944064e-32,36508,10887,True,"depression,psychiatric",survivor_conditional_domain_transition,observed_living_endpoint_survivor_conditional_model,False,
elsa,transition_gee,mental_health,matched_0.20,fixed,False,joint,cmm4_start,cmm4_start,0.2032013634800598,0.0499832768335181,4.795282567251624e-05,36508,10887,True,"depression,psychiatric",survivor_conditional_domain_transition,observed_living_endpoint_survivor_conditional_model,False,
hrs,transition_gee,mental_health,matched_0.20,fixed,False,cognitive_only,cmm4_start,cmm4_start,0.0154785092225024,0.0151462104096494,0.3068095816813303,98829,24278,True,"depression,psychiatric",survivor_conditional_domain_transition,observed_living_endpoint_survivor_conditional_model,True,
hrs,transition_gee,mental_health,matched_0.20,fixed,False,functional_only,cmm4_start,cmm4_start,0.2636036045416167,0.0155839985588264,3.4871450023607894e-64,98829,24278,True,"depression,psychiatric",survivor_conditional_domain_transition,observed_living_endpoint_survivor_conditional_model,True,
hrs,transition_gee,mental_health,matched_0.20,fixed,False,joint,cmm4_start,cmm4_start,0.2665507965301085,0.0310806029731165,9.813222546314008e-18,98829,24278,True,"depression,psychiatric",survivor_conditional_domain_transition,observed_living_endpoint_survivor_conditional_model,True,
hrs,transition_gee,mental_health,matched_0.20,fixed,False,death,cmm4_start,cmm4_start,0.3525673885350021,0.0207580918095542,1.0682273359944478e-64,101626,24941,True,"depression,psychiatric",death_transition,validated_binary_death_endpoint,True,
klosa,transition_gee,mental_health,matched_0.20,fixed,False,cognitive_only,cmm4_start,cmm4_start,0.0095573298140125,0.0357065925021647,0.7889588157062517,19829,7021,True,"depression,psychiatric",survivor_conditional_domain_transition,observed_living_endpoint_survivor_conditional_model,True,
klosa,transition_gee,mental_health,matched_0.20,fixed,False,functional_only,cmm4_start,cmm4_start,0.2700080226071955,0.0539817369962912,5.678564963058459e-07,19829,7021,True,"depression,psychiatric",survivor_conditional_domain_transition,observed_living_endpoint_survivor_conditional_model,True,
klosa,transition_gee,mental_health,matched_0.20,fixed,False,joint,cmm4_start,cmm4_start,0.1223628018920083,0.078404310055582,0.1186029961293437,19829,7021,True,"depression,psychiatric",survivor_conditional_domain_transition,observed_living_endpoint_survivor_conditional_model,True,
klosa,transition_gee,mental_health,matched_0.20,fixed,False,death,cmm4_start,cmm4_start,0.0594449031204488,0.0480232195778504,0.21577662137713,20347,7194,True,"depression,psychiatric",death_transition,validated_binary_death_endpoint,True,
mhas,transition_gee,mental_health,matched_0.20,fixed,False,cognitive_only,cmm4_start,cmm4_start,-0.1161988275922084,0.042046850253886,0.0057175270841307,14107,9298,True,depression,survivor_conditional_domain_transition,observed_living_endpoint_survivor_conditional_model,True,
mhas,transition_gee,mental_health,matched_0.20,fixed,False,functional_only,cmm4_start,cmm4_start,0.3700847986883313,0.0360670179332351,1.0557317508427008e-24,14107,9298,True,depression,survivor_conditional_domain_transition,observed_living_endpoint_survivor_conditional_model,True,
mhas,transition_gee,mental_health,matched_0.20,fixed,False,joint,cmm4_start,cmm4_start,0.2662525690818367,0.0680725091224809,9.179750756554934e-05,14107,9298,True,depression,survivor_conditional_domain_transition,observed_living_endpoint_survivor_conditional_model,True,
mhas,transition_gee,mental_health,matched_0.20,fixed,False,death,cmm4_start,cmm4_start,0.2602656758549284,0.0905789062274619,0.0040613288294326,14574,9633,True,depression,death_transition,validated_binary_death_endpoint,True,
share,transition_gee,mental_health,matched_0.20,fixed,False,cognitive_only,cmm4_start,cmm4_start,-0.0217839114673352,0.0192104430902129,0.2568105099532337,71675,43519,True,"depression,psychiatric",survivor_conditional_domain_transition,observed_living_endpoint_survivor_conditional_model,True,
share,transition_gee,mental_health,matched_0.20,fixed,False,functional_only,cmm4_start,cmm4_start,0.2882472772101704,0.0180106456101538,1.1929986821138424e-57,71675,43519,True,"depression,psychiatric",survivor_conditional_domain_transition,observed_living_endpoint_survivor_conditional_model,True,
share,transition_gee,mental_health,matched_0.20,fixed,False,joint,cmm4_start,cmm4_start,0.2216741506413015,0.0347346372167918,1.7486571274096574e-10,71675,43519,True,"depression,psychiatric",survivor_conditional_domain_transition,observed_living_endpoint_survivor_conditional_model,True,
share,transition_gee,mental_health,matched_0.20,fixed,False,death,cmm4_start,cmm4_start,0.2446645248319184,0.0190224675228346,7.376911019584801e-38,75705,45805,True,"depression,psychiatric",death_transition,validated_binary_death_endpoint,True,
charls,binary_domain_interaction,mental_health,matched_0.20,fixed,False,any_domain,cmm4_start,cmm4_start,-0.09775461547656,0.0308280429950162,0.0015193395484678,50358,12204,True,"depression,psychiatric",survivor_conditional_paired_domain_contrast,observed_living_endpoint_survivor_conditional_model,True,
charls,binary_domain_interaction,mental_health,matched_0.20,fixed,False,any_domain,cmm4_start,"C(domain, Treatment(reference='cognitive'))[T.functional]:cmm4_start",0.3285296079443881,0.0379488013834818,4.835783454066528e-18,50358,12204,True,"depression,psychiatric",survivor_conditional_paired_domain_contrast,observed_living_endpoint_survivor_conditional_model,True,
elsa,binary_domain_interaction,mental_health,matched_0.20,fixed,False,any_domain,cmm4_start,cmm4_start,0.0167379209274528,0.0232990086613011,0.4725129857612659,73016,10887,True,"depression,psychiatric",survivor_conditional_paired_domain_contrast,observed_living_endpoint_survivor_conditional_model,False,
elsa,binary_domain_interaction,mental_health,matched_0.20,fixed,False,any_domain,cmm4_start,"C(domain, Treatment(reference='cognitive'))[T.functional]:cmm4_start",0.3161855853669824,0.0346117696917146,6.528342796091925e-20,73016,10887,True,"depression,psychiatric",survivor_conditional_paired_domain_contrast,observed_living_endpoint_survivor_conditional_model,False,
hrs,binary_domain_interaction,mental_health,matched_0.20,fixed,False,any_domain,cmm4_start,cmm4_start,0.0674483048697001,0.014236809258536,2.162643474035874e-06,197658,24278,True,"depression,psychiatric",survivor_conditional_paired_domain_contrast,observed_living_endpoint_survivor_conditional_model,True,
hrs,binary_domain_interaction,mental_health,matched_0.20,fixed,False,any_domain,cmm4_start,"C(domain, Treatment(reference='cognitive'))[T.functional]:cmm4_start",0.2098762410492825,0.0194312984120015,3.4070659291446354e-27,197658,24278,True,"depression,psychiatric",survivor_conditional_paired_domain_contrast,observed_living_endpoint_survivor_conditional_model,True,
klosa,binary_domain_interaction,mental_health,matched_0.20,fixed,False,any_domain,cmm4_start,cmm4_start,0.0273727086640819,0.0334510329806983,0.413190541600742,39658,7021,True,"depression,psychiatric",survivor_conditional_paired_domain_contrast,observed_living_endpoint_survivor_conditional_model,True,
klosa,binary_domain_interaction,mental_health,matched_0.20,fixed,False,any_domain,cmm4_start,"C(domain, Treatment(reference='cognitive'))[T.functional]:cmm4_start",0.1975175842787053,0.0535075060722968,0.0002230234675593,39658,7021,True,"depression,psychiatric",survivor_conditional_paired_domain_contrast,observed_living_endpoint_survivor_conditional_model,True,
mhas,binary_domain_interaction,mental_health,matched_0.20,fixed,False,any_domain,cmm4_start,cmm4_start,-0.0357377474225429,0.0378561521798844,0.3451488636651777,28214,9298,True,depression,survivor_conditional_paired_domain_contrast,observed_living_endpoint_survivor_conditional_model,True,
mhas,binary_domain_interaction,mental_health,matched_0.20,fixed,False,any_domain,cmm4_start,"C(domain, Treatment(reference='cognitive'))[T.functional]:cmm4_start",0.3892310758368253,0.04905906797485,2.123225159350459e-15,28214,9298,True,depression,survivor_conditional_paired_domain_contrast,observed_living_endpoint_survivor_conditional_model,True,
share,binary_domain_interaction,mental_health,matched_0.20,fixed,False,any_domain,cmm4_start,cmm4_start,0.0317347534034712,0.0174639188425554,0.0691924543885021,143350,43519,True,"depression,psychiatric",survivor_conditional_paired_domain_contrast,observed_living_endpoint_survivor_conditional_model,True,
share,binary_domain_interaction,mental_health,matched_0.20,fixed,False,any_domain,cmm4_start,"C(domain, Treatment(reference='cognitive'))[T.functional]:cmm4_start",0.2543173959424575,0.0230840994566407,3.1644931356200246e-28,143350,43519,True,"depression,psychiatric",survivor_conditional_paired_domain_contrast,observed_living_endpoint_survivor_conditional_model,True,
charls,transition_gee,mental_health,matched_0.20,fixed,True,any_cognitive,cmm4_start,cmm4_start,-0.2110490394635205,0.068936832146095,0.0022024243345105,15107,8099,True,"depression,psychiatric",survivor_conditional_domain_transition,observed_living_endpoint_survivor_conditional_model,True,
charls,transition_gee,mental_health,matched_0.20,fixed,True,any_functional,cmm4_start,cmm4_start,0.3247060317791548,0.047147839971696,5.699092189689229e-12,15107,8099,True,"depression,psychiatric",survivor_conditional_domain_transition,observed_living_endpoint_survivor_conditional_model,True,
elsa,transition_gee,mental_health,matched_0.20,fixed,True,any_cognitive,cmm4_start,cmm4_start,0.0259396778057535,0.0402694007405872,0.5194758624872106,28349,9205,True,"depression,psychiatric",survivor_conditional_domain_transition,observed_living_endpoint_survivor_conditional_model,False,
elsa,transition_gee,mental_health,matched_0.20,fixed,True,any_functional,cmm4_start,cmm4_start,0.3519836452735819,0.042212748017551,7.534973912696208e-17,28349,9205,True,"depression,psychiatric",survivor_conditional_domain_transition,observed_living_endpoint_survivor_conditional_model,False,
hrs,transition_gee,mental_health,matched_0.20,fixed,True,any_cognitive,cmm4_start,cmm4_start,0.0904409560557593,0.0241001190956414,0.0001749274433583,78648,21033,True,"depression,psychiatric",survivor_conditional_domain_transition,observed_living_endpoint_survivor_conditional_model,True,
hrs,transition_gee,mental_health,matched_0.20,fixed,True,any_functional,cmm4_start,cmm4_start,0.342806888160805,0.023738989124921,2.870417272068949e-47,78648,21033,True,"depression,psychiatric",survivor_conditional_domain_transition,observed_living_endpoint_survivor_conditional_model,True,
klosa,transition_gee,mental_health,matched_0.20,fixed,True,any_cognitive,cmm4_start,cmm4_start,0.0394165186894105,0.0544182251024451,0.4688658060374653,13841,6225,True,"depression,psychiatric",survivor_conditional_domain_transition,observed_living_endpoint_survivor_conditional_model,True,
klosa,transition_gee,mental_health,matched_0.20,fixed,True,any_functional,cmm4_start,cmm4_start,0.2938728644822223,0.0756385429203457,0.0001022345669973,13841,6225,True,"depression,psychiatric",survivor_conditional_domain_transition,observed_living_endpoint_survivor_conditional_model,True,
mhas,transition_gee,mental_health,matched_0.20,fixed,True,any_cognitive,cmm4_start,cmm4_start,-0.009273798488548,0.0849309514933493,0.9130500370398086,5925,5925,True,depression,survivor_conditional_domain_transition,observed_living_endpoint_survivor_conditional_model,True,
mhas,transition_gee,mental_health,matched_0.20,fixed,True,any_functional,cmm4_start,cmm4_start,0.3850246592188062,0.0790251683797426,1.1037485087306156e-06,5925,5925,True,depression,survivor_conditional_domain_transition,observed_living_endpoint_survivor_conditional_model,True,
share,transition_gee,mental_health,matched_0.20,fixed,True,any_cognitive,cmm4_start,cmm4_start,-0.0406077558688604,0.0406782182700057,0.3181495124090389,31785,22274,True,"depression,psychiatric",survivor_conditional_domain_transition,observed_living_endpoint_survivor_conditional_model,True,
share,transition_gee,mental_health,matched_0.20,fixed,True,any_functional,cmm4_start,cmm4_start,0.2832374158499525,0.0372259230089957,2.7706597171824444e-14,31785,22274,True,"depression,psychiatric",survivor_conditional_domain_transition,observed_living_endpoint_survivor_conditional_model,True,
charls,transition_gee,mental_health,matched_0.25,fixed,False,any_cognitive,cmm4_start,cmm4_start,-0.0651195165168262,0.0286232090066999,0.0229023336354719,23242,11562,True,"depression,psychiatric",survivor_conditional_domain_transition,observed_living_endpoint_survivor_conditional_model,True,
charls,transition_gee,mental_health,matched_0.25,fixed,False,any_functional,cmm4_start,cmm4_start,0.244669685396892,0.0248615333592091,7.474244095484131e-23,23242,11562,True,"depression,psychiatric",survivor_conditional_domain_transition,observed_living_endpoint_survivor_conditional_model,True,
elsa,transition_gee,mental_health,matched_0.25,fixed,False,any_cognitive,cmm4_start,cmm4_start,0.0368036124030443,0.0228735814248858,0.1076161514819261,32994,10353,True,"depression,psychiatric",survivor_conditional_domain_transition,observed_living_endpoint_survivor_conditional_model,False,
elsa,transition_gee,mental_health,matched_0.25,fixed,False,any_functional,cmm4_start,cmm4_start,0.352183705011938,0.0264254957616581,1.6034566207627691e-40,32994,10353,True,"depression,psychiatric",survivor_conditional_domain_transition,observed_living_endpoint_survivor_conditional_model,False,
hrs,transition_gee,mental_health,matched_0.25,fixed,False,any_cognitive,cmm4_start,cmm4_start,0.0812886114142877,0.0133810737826565,1.2406926888662127e-09,92068,23337,True,"depression,psychiatric",survivor_conditional_domain_transition,observed_living_endpoint_survivor_conditional_model,True,
hrs,transition_gee,mental_health,matched_0.25,fixed,False,any_functional,cmm4_start,cmm4_start,0.3000751333223295,0.0150279721643953,1.0503359304195696e-88,92068,23337,True,"depression,psychiatric",survivor_conditional_domain_transition,observed_living_endpoint_survivor_conditional_model,True,
klosa,transition_gee,mental_health,matched_0.25,fixed,False,any_cognitive,cmm4_start,cmm4_start,0.0230765383480178,0.0310128178617449,0.4568179186669076,19032,6875,True,"depression,psychiatric",survivor_conditional_domain_transition,observed_living_endpoint_survivor_conditional_model,True,
klosa,transition_gee,mental_health,matched_0.25,fixed,False,any_functional,cmm4_start,cmm4_start,0.2097185841521022,0.0464970119847408,6.471559409723172e-06,19032,6875,True,"depression,psychiatric",survivor_conditional_domain_transition,observed_living_endpoint_survivor_conditional_model,True,
mhas,transition_gee,mental_health,matched_0.25,fixed,False,any_cognitive,cmm4_start,cmm4_start,-0.003734004908938,0.0356702956453739,0.916628879067774,13355,8885,True,depression,survivor_conditional_domain_transition,observed_living_endpoint_survivor_conditional_model,True,
mhas,transition_gee,mental_health,matched_0.25,fixed,False,any_functional,cmm4_start,cmm4_start,0.3518773820287532,0.034397220511927,1.4578976496980964e-24,13355,8885,True,depression,survivor_conditional_domain_transition,observed_living_endpoint_survivor_conditional_model,True,
share,transition_gee,mental_health,matched_0.25,fixed,False,any_cognitive,cmm4_start,cmm4_start,0.0367734580542576,0.0164745460377387,0.0256058523834632,67979,41568,True,"depression,psychiatric",survivor_conditional_domain_transition,observed_living_endpoint_survivor_conditional_model,True,
share,transition_gee,mental_health,matched_0.25,fixed,False,any_functional,cmm4_start,cmm4_start,0.2965835827660263,0.0174013892233101,3.894858821658257e-65,67979,41568,True,"depression,psychiatric",survivor_conditional_domain_transition,observed_living_endpoint_survivor_conditional_model,True,
charls,transition_gee,mental_health,legacy,wave,False,any_cognitive,cmm4_start,cmm4_start,-0.0241503194177246,0.0239809241032628,0.3139041386208848,24364,11770,True,"depression,psychiatric",survivor_conditional_domain_transition,observed_living_endpoint_survivor_conditional_model,True,
charls,transition_gee,mental_health,legacy,wave,False,any_functional,cmm4_start,cmm4_start,0.3004619896495613,0.0321612674293033,9.421448041446351e-21,24364,11770,True,"depression,psychiatric",survivor_conditional_domain_transition,observed_living_endpoint_survivor_conditional_model,True,
elsa,transition_gee,mental_health,legacy,wave,False,any_cognitive,cmm4_start,cmm4_start,0.0312779675981625,0.0214527272895713,0.1448419408141327,36517,10826,True,"depression,psychiatric",survivor_conditional_domain_transition,observed_living_endpoint_survivor_conditional_model,False,
elsa,transition_gee,mental_health,legacy,wave,False,any_functional,cmm4_start,cmm4_start,0.3518987501835141,0.0310018476156089,7.340652374220481e-30,36517,10826,True,"depression,psychiatric",survivor_conditional_domain_transition,observed_living_endpoint_survivor_conditional_model,False,
hrs,transition_gee,mental_health,legacy,wave,False,any_cognitive,cmm4_start,cmm4_start,0.0719543857911108,0.0119164523977812,1.558053303128982e-09,94032,23588,True,"depression,psychiatric",survivor_conditional_domain_transition,observed_living_endpoint_survivor_conditional_model,True,
hrs,transition_gee,mental_health,legacy,wave,False,any_functional,cmm4_start,cmm4_start,0.3413254678759367,0.018955206933826,1.7183913835644745e-72,94032,23588,True,"depression,psychiatric",survivor_conditional_domain_transition,observed_living_endpoint_survivor_conditional_model,True,
klosa,transition_gee,mental_health,legacy,wave,False,any_cognitive,cmm4_start,cmm4_start,0.0260717328582699,0.0304925950921812,0.3925409072007451,19688,7017,True,"depression,psychiatric",survivor_conditional_domain_transition,observed_living_endpoint_survivor_conditional_model,True,
klosa,transition_gee,mental_health,legacy,wave,False,any_functional,cmm4_start,cmm4_start,0.2406793620551371,0.055133234813455,1.2688256365590408e-05,19688,7017,True,"depression,psychiatric",survivor_conditional_domain_transition,observed_living_endpoint_survivor_conditional_model,True,
mhas,transition_gee,mental_health,legacy,wave,False,any_cognitive,cmm4_start,cmm4_start,0.0352593327552442,0.0332679320573664,0.2892085378406841,13028,8588,True,depression,survivor_conditional_domain_transition,observed_living_endpoint_survivor_conditional_model,True,
mhas,transition_gee,mental_health,legacy,wave,False,any_functional,cmm4_start,cmm4_start,0.424473807776364,0.0448342541535441,2.862844848711605e-21,13028,8588,True,depression,survivor_conditional_domain_transition,observed_living_endpoint_survivor_conditional_model,True,
share,transition_gee,mental_health,legacy,wave,False,any_cognitive,cmm4_start,cmm4_start,0.0552600617045917,0.0149456835555762,0.0002178252177533,69490,42034,True,"depression,psychiatric",survivor_conditional_domain_transition,observed_living_endpoint_survivor_conditional_model,True,
share,transition_gee,mental_health,legacy,wave,False,any_functional,cmm4_start,cmm4_start,0.35675993628442,0.0252852758560032,3.3241911855406666e-45,69490,42034,True,"depression,psychiatric",survivor_conditional_domain_transition,observed_living_endpoint_survivor_conditional_model,True,
charls,transition_gee,mental_health,matched_0.20,wave,False,any_cognitive,cmm4_start,cmm4_start,-0.1033866360343021,0.0308349479641972,0.0007996829168973,25179,12204,True,"depression,psychiatric",survivor_conditional_domain_transition,observed_living_endpoint_survivor_conditional_model,True,
charls,transition_gee,mental_health,matched_0.20,wave,False,any_functional,cmm4_start,cmm4_start,0.232392003656888,0.024909280514552,1.0633642342641114e-20,25179,12204,True,"depression,psychiatric",survivor_conditional_domain_transition,observed_living_endpoint_survivor_conditional_model,True,
elsa,transition_gee,mental_health,matched_0.20,wave,False,any_cognitive,cmm4_start,cmm4_start,0.0144275425350133,0.0233445798085046,0.5365586163530869,36508,10887,True,"depression,psychiatric",survivor_conditional_domain_transition,observed_living_endpoint_survivor_conditional_model,False,
elsa,transition_gee,mental_health,matched_0.20,wave,False,any_functional,cmm4_start,cmm4_start,0.3335875487681219,0.0267060104160484,8.348721585095588e-36,36508,10887,True,"depression,psychiatric",survivor_conditional_domain_transition,observed_living_endpoint_survivor_conditional_model,False,
hrs,transition_gee,mental_health,matched_0.20,wave,False,any_cognitive,cmm4_start,cmm4_start,0.0713102364493879,0.0141937606671262,5.059169755971272e-07,98829,24278,True,"depression,psychiatric",survivor_conditional_domain_transition,observed_living_endpoint_survivor_conditional_model,True,
hrs,transition_gee,mental_health,matched_0.20,wave,False,any_functional,cmm4_start,cmm4_start,0.2848174132919762,0.0145684368939097,4.1004629997289956e-85,98829,24278,True,"depression,psychiatric",survivor_conditional_domain_transition,observed_living_endpoint_survivor_conditional_model,True,
klosa,transition_gee,mental_health,matched_0.20,wave,False,any_cognitive,cmm4_start,cmm4_start,0.0281340131966195,0.0334881744186645,0.400842311021189,19829,7021,True,"depression,psychiatric",survivor_conditional_domain_transition,observed_living_endpoint_survivor_conditional_model,True,
klosa,transition_gee,mental_health,matched_0.20,wave,False,any_functional,cmm4_start,cmm4_start,0.2272344260310747,0.0454176854575945,5.638212103422618e-07,19829,7021,True,"depression,psychiatric",survivor_conditional_domain_transition,observed_living_endpoint_survivor_conditional_model,True,
mhas,transition_gee,mental_health,matched_0.20,wave,False,any_cognitive,cmm4_start,cmm4_start,-0.0423476805903485,0.0380395014286248,0.2655987530318831,14107,9298,True,depression,survivor_conditional_domain_transition,observed_living_endpoint_survivor_conditional_model,True,
mhas,transition_gee,mental_health,matched_0.20,wave,False,any_functional,cmm4_start,cmm4_start,0.3581129341253344,0.0330601979788633,2.4240316748251516e-27,14107,9298,True,depression,survivor_conditional_domain_transition,observed_living_endpoint_survivor_conditional_model,True,
share,transition_gee,mental_health,matched_0.20,wave,False,any_cognitive,cmm4_start,cmm4_start,0.0285130096934032,0.0174811417609114,0.1028750213378576,71675,43519,True,"depression,psychiatric",survivor_conditional_domain_transition,observed_living_endpoint_survivor_conditional_model,True,
share,transition_gee,mental_health,matched_0.20,wave,False,any_functional,cmm4_start,cmm4_start,0.2858348408680414,0.0165126725202537,3.9521556333230406e-67,71675,43519,True,"depression,psychiatric",survivor_conditional_domain_transition,observed_living_endpoint_survivor_conditional_model,True,
charls,continuous_gee_ipcw,mental_health,continuous,fixed,False,cognitive_worsening_fixed_raw,cmm4_change_raw,cmm4_change_raw,0.02771186303226922,0.01011162756526566,0.006132828836796834,35826,15464,True,"depression,psychiatric",ipcw_observed_interval_change,competing_death_excluded_from_censoring_model,True,
charls,continuous_gee_ipcw,mental_health,continuous,fixed,False,functional_worsening_fixed_raw,cmm4_change_raw,cmm4_change_raw,0.16588453242005577,0.011329571437679455,1.5214578583641638e-48,54868,20616,True,"depression,psychiatric",ipcw_observed_interval_change,competing_death_excluded_from_censoring_model,True,
elsa,continuous_gee_ipcw,mental_health,continuous,fixed,False,cognitive_worsening_fixed_raw,cmm4_change_raw,cmm4_change_raw,0.030875276513232814,0.013468201844364166,0.02187927362610685,45148,11323,True,"depression,psychiatric",ipcw_observed_interval_change,competing_death_excluded_from_censoring_model,False,
elsa,continuous_gee_ipcw,mental_health,continuous,fixed,False,functional_worsening_fixed_raw,cmm4_change_raw,cmm4_change_raw,0.1883463731875611,0.019173544070462588,8.942009950134682e-23,46567,11586,True,"depression,psychiatric",ipcw_observed_interval_change,competing_death_excluded_from_censoring_model,False,
hrs,continuous_gee_ipcw,mental_health,continuous,fixed,False,cognitive_worsening_fixed_raw,cmm4_change_raw,cmm4_change_raw,0.04345994053661333,0.005280023968906528,1.8563840237041713e-16,154575,30667,True,"depression,psychiatric",ipcw_observed_interval_change,competing_death_excluded_from_censoring_model,True,
hrs,continuous_gee_ipcw,mental_health,continuous,fixed,False,functional_worsening_fixed_raw,cmm4_change_raw,cmm4_change_raw,0.15615092413482673,0.007137961326907186,4.385757561893882e-106,141450,29907,True,"depression,psychiatric",ipcw_observed_interval_change,competing_death_excluded_from_censoring_model,True,
klosa,continuous_gee_ipcw,mental_health,continuous,fixed,False,cognitive_worsening_fixed_raw,cmm4_change_raw,cmm4_change_raw,0.07763450477145917,0.017077682955006678,5.468479613330526e-06,25996,8144,True,"depression,psychiatric",ipcw_observed_interval_change,competing_death_excluded_from_censoring_model,True,
klosa,continuous_gee_ipcw,mental_health,continuous,fixed,False,functional_worsening_fixed_raw,cmm4_change_raw,cmm4_change_raw,0.17719179358167397,0.025380854438126314,2.9242539280769633e-12,28163,8448,True,"depression,psychiatric",ipcw_observed_interval_change,competing_death_excluded_from_censoring_model,True,
mhas,continuous_gee_ipcw,mental_health,continuous,fixed,False,cognitive_worsening_fixed_raw,cmm4_change_raw,cmm4_change_raw,0.06040499581296419,0.01171203618718256,2.5024954997671524e-07,22585,13094,True,depression,ipcw_observed_interval_change,competing_death_excluded_from_censoring_model,True,
mhas,continuous_gee_ipcw,mental_health,continuous,fixed,False,functional_worsening_fixed_raw,cmm4_change_raw,cmm4_change_raw,0.1398227567211646,0.020673714046381936,1.3487332575700981e-11,20047,11961,True,depression,ipcw_observed_interval_change,competing_death_excluded_from_censoring_model,True,
share,continuous_gee_ipcw,mental_health,continuous,fixed,False,cognitive_worsening_fixed_raw,cmm4_change_raw,cmm4_change_raw,0.06165039457651866,0.006160845268383385,1.4226911690136097e-23,96805,54833,True,"depression,psychiatric",ipcw_observed_interval_change,competing_death_excluded_from_censoring_model,True,
share,continuous_gee_ipcw,mental_health,continuous,fixed,False,functional_worsening_fixed_raw,cmm4_change_raw,cmm4_change_raw,0.15399176938944403,0.008707949724423378,5.565668047224485e-70,107329,60145,True,"depression,psychiatric",ipcw_observed_interval_change,competing_death_excluded_from_censoring_model,True,
charls,transition_gee_ipcw,mental_health,matched_0.20,fixed,False,any_cognitive,cmm4_start,cmm4_start,-0.09598578017901858,0.030865670248541817,0.0018721983432451548,25179,12204,True,"depression,psychiatric",ipcw_survivor_conditional_domain_transition,competing_death_excluded_from_censoring_model,True,
charls,transition_gee_ipcw,mental_health,matched_0.20,fixed,False,any_functional,cmm4_start,cmm4_start,0.2326339752347828,0.024897622864410947,9.309381757167587e-21,25179,12204,True,"depression,psychiatric",ipcw_survivor_conditional_domain_transition,competing_death_excluded_from_censoring_model,True,
elsa,transition_gee_ipcw,mental_health,matched_0.20,fixed,False,any_cognitive,cmm4_start,cmm4_start,0.014383650404734251,0.02327668594739579,0.5366133301707464,36508,10887,True,"depression,psychiatric",ipcw_survivor_conditional_domain_transition,competing_death_excluded_from_censoring_model,False,
elsa,transition_gee_ipcw,mental_health,matched_0.20,fixed,False,any_functional,cmm4_start,cmm4_start,0.3303738305552848,0.026630398738090796,2.427960227225803e-35,36508,10887,True,"depression,psychiatric",ipcw_survivor_conditional_domain_transition,competing_death_excluded_from_censoring_model,False,
hrs,transition_gee_ipcw,mental_health,matched_0.20,fixed,False,any_cognitive,cmm4_start,cmm4_start,0.06765051781581098,0.014220791283122427,1.9633976621281344e-06,98829,24278,True,"depression,psychiatric",ipcw_survivor_conditional_domain_transition,competing_death_excluded_from_censoring_model,True,
hrs,transition_gee_ipcw,mental_health,matched_0.20,fixed,False,any_functional,cmm4_start,cmm4_start,0.27810779054763707,0.01458982598714942,5.247743341542356e-81,98829,24278,True,"depression,psychiatric",ipcw_survivor_conditional_domain_transition,competing_death_excluded_from_censoring_model,True,
klosa,transition_gee_ipcw,mental_health,matched_0.20,fixed,False,any_cognitive,cmm4_start,cmm4_start,0.02716295811178547,0.033374427707502194,0.4157106282738757,19829,7021,True,"depression,psychiatric",ipcw_survivor_conditional_domain_transition,competing_death_excluded_from_censoring_model,True,
klosa,transition_gee_ipcw,mental_health,matched_0.20,fixed,False,any_functional,cmm4_start,cmm4_start,0.22440127578398109,0.045337856041451505,7.439124853186536e-07,19829,7021,True,"depression,psychiatric",ipcw_survivor_conditional_domain_transition,competing_death_excluded_from_censoring_model,True,
mhas,transition_gee_ipcw,mental_health,matched_0.20,fixed,False,any_cognitive,cmm4_start,cmm4_start,-0.03492939038153495,0.03786798505750826,0.35632050726950626,14107,9298,True,depression,ipcw_survivor_conditional_domain_transition,competing_death_excluded_from_censoring_model,True,
mhas,transition_gee_ipcw,mental_health,matched_0.20,fixed,False,any_functional,cmm4_start,cmm4_start,0.35449291329285965,0.03305826943894481,7.915013526762321e-27,14107,9298,True,depression,ipcw_survivor_conditional_domain_transition,competing_death_excluded_from_censoring_model,True,
share,transition_gee_ipcw,mental_health,matched_0.20,fixed,False,any_cognitive,cmm4_start,cmm4_start,0.03130486244895952,0.017507594071342395,0.0737641739544514,71675,43519,True,"depression,psychiatric",ipcw_survivor_conditional_domain_transition,competing_death_excluded_from_censoring_model,True,
share,transition_gee_ipcw,mental_health,matched_0.20,fixed,False,any_functional,cmm4_start,cmm4_start,0.2885582859065113,0.016617197228503057,1.5179544268846697e-67,71675,43519,True,"depression,psychiatric",ipcw_survivor_conditional_domain_transition,competing_death_excluded_from_censoring_model,True,
